{"stats":{"minecraft:mined":{"minecraft:oak_sapling":1,"minecraft:farmland":1,"minecraft:granite":2,"minecraft:grass_block":97,"twigs:twig":1,"minecraft:frosted_ice":2,"biomesoplenty:blackstone_bulb":1,"minecraft:fire":2,"minecraft:barrel":1,"minecraft:iron_ore":56,"minecraft:cobbled_deepslate":1,"biomesoplenty:lavender":3,"minecraft:deepslate_lapis_ore":1,"biomesoplenty:glowflower":2,"minecraft:iron_bars":2,"biomesoplenty:webbing":13,"biomesoplenty:jacaranda_leaves":4,"blue_skies:camellia":2,"minecraft:deepslate_redstone_ore":13,"minecraft:brown_mushroom":9,"blue_skies:crystal_flower":1,"minecraft:kelp_plant":1,"biomesoplenty:blackstone_spines":1,"biomesoplenty:hanging_cobweb_strand":2,"minecraft:torch":19,"diagonalfences:minecraft/oak_fence":2,"minecraft:melon":44,"minecraft:mushroom_stem":1,"minecraft:cobblestone":10,"friendsandfoes:buttercup":1,"minecraft:potted_oak_sapling":1,"minecraft:prismarine":1,"minecraft:oak_planks":1,"minecraft:iron_door":1,"minecraft:wall_torch":14,"minecraft:birch_log":6,"minecraft:grass":408,"minecraft:oak_log":123,"minecraft:dark_oak_sapling":3,"minecraft:dirt":23,"twigs:rhyolite":27,"minecraft:red_mushroom_block":16,"minecraft:netherrack":14,"minecraft:oak_leaves":18,"minecraft:deepslate":70,"minecraft:nether_gold_ore":11,"minecraft:tuff":18,"minecraft:deepslate_diamond_ore":12,"minecraft:dark_oak_fence":2,"biomesoplenty:bush":5,"minecraft:allium":2,"minecraft:soul_campfire":1,"farmersdelight:wild_cabbages":1,"minecraft:red_mushroom":2,"minecraft:kelp":11,"minecraft:hay_block":1,"farmersdelight:wild_onions":1,"minecraft:andesite":1,"blue_skies:nightcress":1,"minecraft:peony":1,"biomesoplenty:high_grass":4,"minecraft:deepslate_iron_ore":13,"minecraft:white_tulip":1,"biomesoplenty:spider_egg":1,"minecraft:stone":122,"twigs:opaline_seashell":1,"twigs:pebble":1,"twigs:roseate_seashell":2,"minecraft:rose_bush":1,"minecraft:copper_ore":5,"biomesoplenty:high_grass_plant":12,"minecraft:brain_coral_fan":1,"minecraft:tall_grass":16,"biomesoplenty:huge_clover_petal":4,"minecraft:lapis_ore":1,"minecraft:deepslate_gold_ore":17,"minecraft:diorite":2,"supplementaries:urn":3,"minecraft:birch_planks":1,"minecraft:coarse_dirt":2,"minecraft:cobblestone_wall":1,"biomesoplenty:mahogany_log":26,"twigs:tangerine_seashell":1,"biomesoplenty:pink_daffodil":1,"minecraft:coal_ore":105,"minecraft:cocoa":2,"biomesoplenty:stringy_cobweb":1,"quark:crimson_chest":1,"minecraft:fern":106},"minecraft:broken":{"minecraft:stone_pickaxe":1,"minecraft:iron_sword":1,"minecraft:flint_and_steel":1,"minecraft:wooden_pickaxe":1,"minecraft:iron_pickaxe":1,"minecraft:iron_helmet":1},"minecraft:killed":{"minecraft:cave_spider":1,"minecraft:spider":3,"illagerinvasion:basher":1,"minecraft:skeleton":2,"minecraft:chicken":5,"illagerinvasion:provoker":1,"alexsmobs:straddler":3,"minecraft:illusioner":1,"minecraft:pig":2,"minecraft:zombie_villager":1,"minecraft:salmon":2,"minecraft:creeper":1,"minecraft:sheep":5,"minecraft:pillager":4,"minecraft:goat":6,"minecraft:zombie":9,"minecraft:cow":4,"minecraft:drowned":2,"alexsmobs:flying_fish":3,"alexsmobs:catfish":2,"minecraft:enderman":1},"minecraft:crafted":{"minecraft:oak_planks":216,"minecraft:cooked_chicken":1,"delightful:cooked_goat":7,"minecraft:stone":11,"minecraft:cooked_mutton":10,"minecraft:iron_boots":2,"alexsmobs:cooked_catfish":2,"minecraft:oak_fence":48,"minecraft:cooked_porkchop":3,"farmersdelight:iron_knife":1,"minecraft:iron_helmet":1,"minecraft:wooden_pickaxe":1,"minecraft:copper_ingot":19,"farmersdelight:cutting_board":1,"minecraft:stick":48,"minecraft:iron_ingot":70,"minecraft:iron_pickaxe":1,"minecraft:stone_sword":1,"minecraft:fishing_rod":1,"minecraft:furnace":1,"minecraft:iron_axe":1,"minecraft:iron_hoe":1,"minecraft:stone_pickaxe":2,"minecraft:iron_sword":2,"minecraft:stone_axe":1,"minecraft:wooden_axe":1,"minecraft:iron_shovel":1,"minecraft:iron_leggings":1,"minecraft:torch":76},"minecraft:used":{"farmersdelight:onion_crate":1,"minecraft:iron_shovel":31,"delightful:cooked_goat":7,"dragonmounts:spawn_egg":1,"minecraft:shield":2,"minecraft:iron_sword":468,"minecraft:carrot":13,"minecraft:lava_bucket":1,"friendsandfoes:totem_of_illusion":1,"delightful:green_tea_leaf":1,"farmersdelight:cutting_board":1,"minecraft:hay_block":2,"minecraft:furnace":1,"friendsandfoes:buttercup":1,"minecraft:stone_pickaxe":232,"minecraft:oak_planks":5,"minecraft:wooden_pickaxe":59,"biomesoplenty:glowflower":2,"minecraft:melon_slice":114,"minecraft:diamond_sword":23,"minecraft:andesite":1,"delightful:acorn":3,"minecraft:oak_fence":34,"minecraft:iron_bars":3,"minecraft:stone_sword":82,"minecraft:flint_and_steel":64,"minecraft:white_tulip":1,"minecraft:cooked_salmon":13,"minecraft:cooked_chicken":2,"minecraft:torch":163,"minecraft:dirt":100,"minecraft:granite":3,"blue_skies:camellia":1,"delightful:roasted_acorn":1,"minecraft:iron_hoe":19,"dragonmounts:dragon_egg":2,"minecraft:iron_axe":110,"farmersdelight:cooked_salmon_slice":2,"minecraft:barrel":1,"minecraft:melon_seeds":9,"comforts:sleeping_bag_white":5,"farmersdelight:tomato_seeds":9,"minecraft:cobbled_deepslate":5,"minecraft:cooked_mutton":12,"minecraft:water_bucket":19,"minecraft:birch_planks":1,"minecraft:salmon":4,"farmersdelight:onion":69,"minecraft:red_mushroom":1,"minecraft:oak_log":2,"minecraft:flower_pot":1,"minecraft:iron_pickaxe":242,"quark:crimson_chest":2,"minecraft:stone_axe":104,"minecraft:fishing_rod":25,"minecraft:cobblestone":28,"minecraft:bucket":20},"minecraft:picked_up":{"dragonmounts:spawn_egg":1,"minecraft:iron_chestplate":2,"blue_skies:nightcress":1,"minecraft:wheat":5,"illagerinvasion:platinum_chunk":3,"minecraft:flower_pot":1,"twigs:roseate_seashell":2,"minecraft:lead":3,"minecraft:diamond_sword":1,"biomesoplenty:violet":1,"friendsandfoes:buttercup":1,"biomesoplenty:rainbow_birch_sapling":1,"minecraft:string":6,"minecraft:soul_soil":1,"minecraft:raw_copper":19,"minecraft:iron_leggings":2,"minecraft:pufferfish":1,"minecraft:gold_nugget":45,"minecraft:cobbled_deepslate":70,"delightful:acorn":19,"comforts:sleeping_bag_white":6,"twigs:pebble":1,"minecraft:white_tulip":1,"minecraft:rose_bush":1,"minecraft:iron_pickaxe":2,"minecraft:melon_slice":213,"delightful:green_tea_leaf":3,"farmersdelight:cabbage_seeds":1,"minecraft:iron_boots":2,"minecraft:oak_fence":2,"minecraft:torch":110,"minecraft:porkchop":5,"minecraft:diorite":2,"minecraft:rotten_flesh":11,"biomesoplenty:mahogany_sapling":3,"farmersdelight:onion":22,"aether:chainmail_gloves":1,"supplementaries:ash":2,"twigs:tangerine_seashell":1,"minecraft:iron_bars":3,"minecraft:cod":3,"minecraft:snowball":27,"alexsmobs:flying_fish":3,"minecraft:cobblestone":141,"biomesoplenty:lavender":3,"minecraft:birch_log":6,"minecraft:cooked_beef":1,"farmersdelight:onion_crate":1,"minecraft:feather":4,"minecraft:iron_door":1,"minecraft:andesite":1,"minecraft:tuff":26,"supplementaries:flax_seeds":20,"minecraft:lapis_lazuli":53,"farmersdelight:tomato":4,"minecraft:dirt":150,"minecraft:name_tag":1,"minecraft:bone":6,"minecraft:wheat_seeds":65,"minecraft:raw_gold":17,"blue_skies:camellia":2,"twigs:twig":24,"minecraft:prismarine":1,"minecraft:oak_planks":1,"crabbersdelight:crab":1,"minecraft:grass_block":1,"minecraft:dark_oak_log":32,"minecraft:barrel":1,"biomesoplenty:glowflower":2,"minecraft:diamond":12,"dragonmounts:dragon_egg":1,"blue_skies:crystal_flower":1,"minecraft:lever":1,"minecraft:granite":4,"minecraft:emerald":10,"crabbersdelight:shrimp":1,"biomesoplenty:pink_daffodil":1,"minecraft:oak_sapling":40,"twigs:rhyolite":45,"minecraft:netherrack":14,"minecraft:dark_oak_fence":2,"minecraft:diamond_pickaxe":1,"quark:crimson_chest":1,"minecraft:fishing_rod":1,"minecraft:cocoa_beans":4,"minecraft:coarse_dirt":1,"minecraft:allium":3,"minecraft:chicken":5,"minecraft:brown_mushroom":15,"friendsandfoes:totem_of_illusion":2,"minecraft:shield":2,"minecraft:moss_carpet":1,"minecraft:flint_and_steel":1,"twigs:opaline_seashell":1,"farmersdelight:beef_patty":8,"minecraft:beef":11,"minecraft:iron_nugget":10,"minecraft:dark_oak_sapling":14,"minecraft:raw_iron":72,"delightful:raw_goat":8,"farmersdelight:minced_beef":8,"crabbersdelight:clam":3,"alexsmobs:straddlite":2,"farmersdelight:tomato_seeds":8,"minecraft:carrot":5,"minecraft:redstone":57,"minecraft:arrow":8,"minecraft:peony":1,"delightful:roasted_acorn":7,"minecraft:hay_block":1,"minecraft:saddle":1,"minecraft:mutton":8,"minecraft:white_wool":4,"minecraft:basalt":1,"minecraft:tripwire_hook":1,"minecraft:salmon":7,"minecraft:leather":3,"minecraft:red_mushroom":8,"minecraft:birch_planks":1,"minecraft:oak_log":119,"minecraft:lily_pad":1,"minecraft:gunpowder":2,"minecraft:cobblestone_wall":2,"minecraft:cooked_mutton":8,"minecraft:apple":1,"minecraft:kelp":10,"minecraft:iron_ingot":1,"minecraft:iron_sword":3,"minecraft:scaffolding":2,"minecraft:pumpkin":2,"illagerinvasion:illusionary_dust":1,"alexsmobs:raw_catfish":2,"biomesoplenty:mahogany_log":24,"minecraft:stone_axe":2,"minecraft:iron_helmet":3,"minecraft:black_wool":1,"minecraft:coal":97},"minecraft:custom":{"minecraft:interact_with_crafting_table":32,"minecraft:open_barrel":19,"goblintraders:trade_with_goblin":23,"minecraft:leave_game":4,"minecraft:time_since_death":10676,"minecraft:sprint_one_cm":884761,"minecraft:damage_blocked_by_shield":170,"minecraft:drop":63,"minecraft:talked_to_villager":15,"minecraft:play_time":497534,"minecraft:deaths":13,"minecraft:jump":3335,"minecraft:walk_on_water_one_cm":145815,"minecraft:enchant_item":3,"minecraft:interact_with_furnace":37,"minecraft:interact_with_cartography_table":2,"minecraft:sleep_in_bed":18,"minecraft:damage_dealt":9977,"minecraft:crouch_one_cm":4999,"minecraft:interact_with_smoker":1,"minecraft:interact_with_smithing_table":1,"minecraft:mob_kills":61,"minecraft:climb_one_cm":30446,"minecraft:walk_one_cm":1625561,"minecraft:sneak_time":4096,"minecraft:walk_under_water_one_cm":73129,"minecraft:total_world_time":497534,"minecraft:pot_flower":1,"minecraft:interact_with_grindstone":3,"minecraft:time_since_rest":10799,"minecraft:damage_taken":8035,"minecraft:swim_one_cm":20557,"minecraft:fly_one_cm":3024728,"minecraft:open_chest":110,"minecraft:fish_caught":7,"minecraft:fall_one_cm":60261},"minecraft:killed_by":{"minecraft:creeper":1,"minecraft:pillager":3,"minecraft:vindicator":3,"minecraft:cave_spider":1,"minecraft:witch":1,"alexsmobs:grizzly_bear":1,"minecraft:spider":1},"minecraft:dropped":{"minecraft:iron_sword":1,"minecraft:lapis_lazuli":22,"minecraft:oak_log":39,"friendsandfoes:totem_of_illusion":1,"twigs:twig":1,"minecraft:iron_ingot":21,"minecraft:coal":12,"minecraft:melon_slice":1,"minecraft:iron_boots":1,"minecraft:name_tag":1,"aether:chainmail_gloves":1}},"DataVersion":3465}