{"stats":{"minecraft:custom":{"minecraft:interact_with_smithing_table":1,"minecraft:mob_kills":51,"minecraft:interact_with_crafting_table":28,"minecraft:open_barrel":19,"goblintraders:trade_with_goblin":23,"minecraft:leave_game":2,"minecraft:time_since_death":0,"minecraft:climb_one_cm":16309,"minecraft:sprint_one_cm":752080,"minecraft:walk_one_cm":1275103,"minecraft:damage_blocked_by_shield":170,"minecraft:drop":40,"minecraft:talked_to_villager":15,"minecraft:sneak_time":793,"minecraft:play_time":366692,"minecraft:deaths":8,"minecraft:walk_under_water_one_cm":67286,"minecraft:jump":2798,"minecraft:walk_on_water_one_cm":119563,"minecraft:total_world_time":366692,"minecraft:interact_with_furnace":33,"minecraft:interact_with_cartography_table":2,"minecraft:interact_with_grindstone":3,"minecraft:sleep_in_bed":14,"minecraft:time_since_rest":13213,"minecraft:damage_taken":6109,"minecraft:damage_dealt":8269,"minecraft:swim_one_cm":14221,"minecraft:fly_one_cm":148655,"minecraft:open_chest":69,"minecraft:crouch_one_cm":1735,"minecraft:interact_with_smoker":1,"minecraft:fall_one_cm":48766},"minecraft:picked_up":{"quark:crimson_chest":1,"dragonmounts:spawn_egg":1,"minecraft:cocoa_beans":4,"minecraft:iron_chestplate":1,"minecraft:coarse_dirt":1,"minecraft:wheat":5,"minecraft:allium":3,"illagerinvasion:platinum_chunk":3,"minecraft:chicken":1,"minecraft:flower_pot":1,"twigs:roseate_seashell":2,"minecraft:brown_mushroom":10,"friendsandfoes:totem_of_illusion":2,"biomesoplenty:violet":1,"friendsandfoes:buttercup":1,"minecraft:shield":2,"biomesoplenty:rainbow_birch_sapling":1,"minecraft:raw_copper":19,"minecraft:string":6,"minecraft:moss_carpet":1,"minecraft:soul_soil":1,"minecraft:flint_and_steel":1,"minecraft:iron_leggings":1,"twigs:opaline_seashell":1,"minecraft:gold_nugget":3,"minecraft:cobbled_deepslate":70,"comforts:sleeping_bag_white":6,"delightful:acorn":19,"minecraft:white_tulip":1,"minecraft:beef":6,"minecraft:rose_bush":1,"minecraft:iron_pickaxe":2,"minecraft:iron_nugget":10,"minecraft:melon_slice":213,"delightful:green_tea_leaf":3,"farmersdelight:cabbage_seeds":1,"minecraft:iron_boots":1,"minecraft:dark_oak_sapling":14,"minecraft:raw_iron":72,"delightful:raw_goat":8,"minecraft:torch":101,"minecraft:porkchop":3,"minecraft:diorite":2,"minecraft:carrot":5,"minecraft:redstone":57,"minecraft:arrow":8,"minecraft:rotten_flesh":11,"farmersdelight:onion":22,"minecraft:peony":1,"biomesoplenty:mahogany_sapling":3,"aether:chainmail_gloves":1,"minecraft:hay_block":1,"supplementaries:ash":2,"minecraft:mutton":8,"twigs:tangerine_seashell":1,"alexsmobs:flying_fish":3,"minecraft:white_wool":4,"minecraft:cobblestone":132,"biomesoplenty:lavender":3,"minecraft:birch_log":6,"minecraft:feather":2,"farmersdelight:onion_crate":1,"minecraft:andesite":1,"minecraft:salmon":4,"minecraft:red_mushroom":8,"minecraft:birch_planks":1,"minecraft:tuff":26,"minecraft:oak_log":119,"supplementaries:flax_seeds":20,"minecraft:gunpowder":2,"minecraft:lapis_lazuli":14,"minecraft:dirt":112,"minecraft:name_tag":1,"minecraft:cooked_mutton":8,"minecraft:bone":5,"minecraft:apple":1,"minecraft:kelp":10,"minecraft:wheat_seeds":65,"minecraft:raw_gold":17,"minecraft:iron_ingot":1,"blue_skies:camellia":2,"twigs:twig":22,"minecraft:oak_planks":1,"minecraft:prismarine":1,"minecraft:iron_sword":3,"minecraft:scaffolding":2,"minecraft:pumpkin":2,"minecraft:grass_block":1,"minecraft:dark_oak_log":32,"illagerinvasion:illusionary_dust":1,"minecraft:barrel":1,"biomesoplenty:glowflower":1,"alexsmobs:raw_catfish":2,"biomesoplenty:mahogany_log":24,"minecraft:diamond":12,"minecraft:stone_axe":2,"dragonmounts:dragon_egg":1,"blue_skies:crystal_flower":1,"minecraft:iron_helmet":2,"minecraft:granite":4,"minecraft:black_wool":1,"minecraft:emerald":10,"minecraft:netherrack":14,"minecraft:dark_oak_fence":2,"biomesoplenty:pink_daffodil":1,"minecraft:oak_sapling":40,"twigs:rhyolite":45,"minecraft:coal":97,"blue_skies:nightcress":1},"minecraft:killed":{"minecraft:cave_spider":1,"minecraft:spider":3,"illagerinvasion:basher":1,"minecraft:skeleton":2,"minecraft:chicken":1,"illagerinvasion:provoker":1,"minecraft:illusioner":1,"minecraft:drowned":2,"alexsmobs:flying_fish":3,"minecraft:pig":1,"minecraft:zombie_villager":1,"minecraft:salmon":2,"minecraft:creeper":1,"minecraft:sheep":5,"alexsmobs:catfish":2,"minecraft:pillager":4,"minecraft:goat":6,"minecraft:zombie":9,"minecraft:enderman":1,"minecraft:cow":2},"minecraft:used":{"farmersdelight:onion_crate":1,"minecraft:stone_sword":82,"minecraft:white_tulip":1,"minecraft:flint_and_steel":64,"delightful:cooked_goat":7,"dragonmounts:spawn_egg":1,"minecraft:shield":2,"minecraft:iron_sword":398,"minecraft:cooked_salmon":13,"minecraft:cooked_chicken":1,"minecraft:torch":144,"minecraft:dirt":81,"minecraft:carrot":13,"minecraft:granite":3,"blue_skies:camellia":1,"dragonmounts:dragon_egg":1,"minecraft:lava_bucket":1,"friendsandfoes:totem_of_illusion":1,"minecraft:iron_axe":102,"minecraft:barrel":1,"delightful:green_tea_leaf":1,"farmersdelight:cutting_board":1,"minecraft:hay_block":2,"minecraft:furnace":1,"comforts:sleeping_bag_white":5,"minecraft:cobbled_deepslate":5,"friendsandfoes:buttercup":1,"minecraft:cooked_mutton":12,"minecraft:birch_planks":1,"minecraft:stone_pickaxe":213,"minecraft:oak_planks":5,"minecraft:wooden_pickaxe":59,"biomesoplenty:glowflower":1,"minecraft:salmon":4,"farmersdelight:onion":69,"minecraft:red_mushroom":1,"minecraft:oak_log":2,"minecraft:flower_pot":1,"minecraft:melon_slice":94,"minecraft:iron_pickaxe":241,"quark:crimson_chest":2,"minecraft:stone_axe":104,"minecraft:cobblestone":28,"minecraft:bucket":2,"minecraft:andesite":1,"delightful:acorn":3},"minecraft:broken":{"minecraft:flint_and_steel":1,"minecraft:wooden_pickaxe":1,"minecraft:stone_pickaxe":1,"minecraft:iron_sword":1,"minecraft:iron_pickaxe":1},"minecraft:killed_by":{"minecraft:creeper":1,"minecraft:pillager":2,"minecraft:vindicator":3,"minecraft:cave_spider":1},"minecraft:dropped":{"minecraft:iron_sword":1,"minecraft:oak_log":39,"minecraft:coal":12,"friendsandfoes:totem_of_illusion":1,"minecraft:melon_slice":1,"minecraft:iron_boots":1,"minecraft:name_tag":1,"aether:chainmail_gloves":1,"minecraft:iron_ingot":21},"minecraft:mined":{"minecraft:nether_gold_ore":1,"minecraft:tuff":18,"minecraft:oak_sapling":1,"minecraft:deepslate_diamond_ore":12,"minecraft:granite":2,"minecraft:dark_oak_fence":2,"biomesoplenty:bush":5,"minecraft:allium":2,"minecraft:grass_block":60,"minecraft:soul_campfire":1,"farmersdelight:wild_cabbages":1,"minecraft:frosted_ice":2,"minecraft:red_mushroom":2,"minecraft:kelp":11,"minecraft:hay_block":1,"farmersdelight:wild_onions":1,"minecraft:fire":2,"minecraft:iron_ore":56,"minecraft:barrel":1,"minecraft:cobbled_deepslate":1,"biomesoplenty:lavender":3,"blue_skies:nightcress":1,"minecraft:andesite":1,"minecraft:deepslate_lapis_ore":1,"minecraft:peony":1,"biomesoplenty:glowflower":1,"minecraft:deepslate_iron_ore":13,"biomesoplenty:high_grass":4,"biomesoplenty:webbing":13,"minecraft:white_tulip":1,"minecraft:stone":122,"biomesoplenty:spider_egg":1,"twigs:opaline_seashell":1,"blue_skies:camellia":2,"biomesoplenty:jacaranda_leaves":4,"minecraft:deepslate_redstone_ore":13,"minecraft:brown_mushroom":3,"blue_skies:crystal_flower":1,"minecraft:kelp_plant":1,"biomesoplenty:hanging_cobweb_strand":2,"minecraft:torch":11,"minecraft:melon":44,"twigs:roseate_seashell":2,"minecraft:rose_bush":1,"minecraft:mushroom_stem":1,"minecraft:cobblestone":5,"biomesoplenty:high_grass_plant":12,"minecraft:brain_coral_fan":1,"minecraft:tall_grass":15,"minecraft:copper_ore":5,"friendsandfoes:buttercup":1,"minecraft:deepslate_gold_ore":17,"minecraft:lapis_ore":1,"biomesoplenty:huge_clover_petal":4,"minecraft:potted_oak_sapling":1,"minecraft:prismarine":1,"minecraft:oak_planks":1,"minecraft:diorite":2,"minecraft:wall_torch":13,"supplementaries:urn":3,"minecraft:birch_planks":1,"minecraft:coarse_dirt":2,"biomesoplenty:mahogany_log":26,"minecraft:birch_log":6,"twigs:tangerine_seashell":1,"biomesoplenty:pink_daffodil":1,"minecraft:grass":400,"minecraft:coal_ore":105,"minecraft:oak_log":123,"minecraft:cocoa":2,"minecraft:dark_oak_sapling":3,"minecraft:dirt":23,"biomesoplenty:stringy_cobweb":1,"twigs:rhyolite":27,"minecraft:red_mushroom_block":16,"quark:crimson_chest":1,"minecraft:netherrack":14,"minecraft:oak_leaves":18,"minecraft:deepslate":70,"minecraft:fern":105},"minecraft:crafted":{"minecraft:oak_planks":152,"minecraft:cooked_chicken":1,"delightful:cooked_goat":7,"minecraft:furnace":1,"minecraft:cooked_mutton":10,"minecraft:iron_boots":2,"minecraft:stone_pickaxe":2,"alexsmobs:cooked_catfish":2,"minecraft:cooked_porkchop":3,"farmersdelight:iron_knife":1,"minecraft:wooden_pickaxe":1,"minecraft:iron_helmet":1,"minecraft:iron_sword":1,"minecraft:copper_ingot":19,"minecraft:stone_axe":1,"farmersdelight:cutting_board":1,"minecraft:stick":48,"minecraft:iron_ingot":70,"minecraft:wooden_axe":1,"minecraft:stone_sword":1,"minecraft:iron_leggings":1,"minecraft:torch":76}},"DataVersion":3465}