{"stats":{"minecraft:killed_by":{"minecraft:cave_spider":1,"minecraft:creeper":1},"minecraft:custom":{"minecraft:interact_with_furnace":20,"minecraft:mob_kills":21,"minecraft:interact_with_cartography_table":1,"minecraft:interact_with_crafting_table":18,"minecraft:open_barrel":16,"minecraft:interact_with_grindstone":2,"minecraft:leave_game":1,"minecraft:time_since_death":69177,"minecraft:sleep_in_bed":6,"minecraft:climb_one_cm":6965,"minecraft:time_since_rest":7410,"minecraft:sprint_one_cm":294339,"minecraft:damage_taken":1901,"minecraft:walk_one_cm":435270,"minecraft:drop":1,"minecraft:damage_dealt":2898,"minecraft:swim_one_cm":4314,"minecraft:fly_one_cm":56681,"minecraft:open_chest":22,"minecraft:crouch_one_cm":683,"minecraft:play_time":143151,"minecraft:deaths":2,"minecraft:sneak_time":273,"minecraft:walk_under_water_one_cm":36886,"minecraft:jump":1174,"minecraft:walk_on_water_one_cm":49365,"minecraft:total_world_time":143151,"minecraft:fall_one_cm":24005},"minecraft:mined":{"minecraft:kelp_plant":1,"minecraft:granite":1,"minecraft:torch":5,"biomesoplenty:bush":5,"minecraft:allium":2,"minecraft:melon":13,"twigs:roseate_seashell":2,"biomesoplenty:high_grass_plant":12,"minecraft:brain_coral_fan":1,"minecraft:copper_ore":5,"minecraft:soul_campfire":1,"minecraft:cobblestone":1,"biomesoplenty:huge_clover_petal":4,"minecraft:kelp":11,"minecraft:prismarine":1,"minecraft:frosted_ice":2,"minecraft:wall_torch":3,"minecraft:hay_block":1,"farmersdelight:wild_onions":1,"minecraft:birch_planks":1,"minecraft:coarse_dirt":2,"biomesoplenty:mahogany_log":26,"minecraft:iron_ore":28,"minecraft:barrel":1,"twigs:tangerine_seashell":1,"biomesoplenty:pink_daffodil":1,"minecraft:grass":24,"minecraft:coal_ore":85,"minecraft:oak_log":56,"biomesoplenty:high_grass":4,"minecraft:cocoa":2,"biomesoplenty:webbing":10,"biomesoplenty:stringy_cobweb":1,"biomesoplenty:spider_egg":1,"quark:crimson_chest":1,"minecraft:stone":60,"minecraft:netherrack":14,"twigs:opaline_seashell":1,"minecraft:oak_leaves":18,"minecraft:fern":4},"minecraft:killed":{"minecraft:cave_spider":1,"minecraft:pig":1,"minecraft:spider":1,"minecraft:creeper":1,"minecraft:skeleton":1,"alexsmobs:catfish":2,"minecraft:goat":6,"minecraft:zombie":2,"minecraft:chicken":1,"minecraft:drowned":2,"alexsmobs:flying_fish":3},"minecraft:crafted":{"minecraft:oak_planks":40,"minecraft:cooked_porkchop":3,"farmersdelight:iron_knife":1,"minecraft:wooden_pickaxe":1,"minecraft:cooked_chicken":1,"minecraft:iron_helmet":1,"minecraft:iron_sword":1,"delightful:cooked_goat":7,"minecraft:furnace":1,"minecraft:copper_ingot":19,"minecraft:stone_axe":1,"farmersdelight:cutting_board":1,"minecraft:stick":48,"minecraft:iron_ingot":9,"minecraft:stone_pickaxe":1,"minecraft:wooden_axe":1,"minecraft:stone_sword":1,"alexsmobs:cooked_catfish":2,"minecraft:torch":76},"minecraft:dropped":{"minecraft:iron_ingot":1},"minecraft:used":{"minecraft:stone_sword":73,"minecraft:flint_and_steel":6,"minecraft:birch_planks":1,"minecraft:stone_pickaxe":167,"minecraft:oak_planks":4,"delightful:cooked_goat":7,"minecraft:wooden_pickaxe":40,"minecraft:iron_sword":90,"minecraft:cooked_chicken":1,"minecraft:torch":63,"minecraft:oak_log":2,"minecraft:iron_axe":6,"minecraft:melon_slice":63,"quark:crimson_chest":1,"minecraft:barrel":1,"minecraft:stone_axe":104,"farmersdelight:cutting_board":1,"minecraft:cobblestone":23,"minecraft:hay_block":2,"minecraft:furnace":1,"delightful:acorn":1},"minecraft:picked_up":{"quark:crimson_chest":1,"minecraft:cocoa_beans":4,"minecraft:wheat":5,"minecraft:coarse_dirt":1,"minecraft:allium":3,"minecraft:feather":2,"minecraft:chicken":1,"twigs:roseate_seashell":2,"minecraft:birch_planks":1,"biomesoplenty:violet":1,"minecraft:oak_log":52,"minecraft:shield":1,"minecraft:gunpowder":2,"minecraft:dirt":23,"minecraft:string":4,"minecraft:soul_soil":1,"minecraft:raw_copper":19,"minecraft:bone":1,"twigs:opaline_seashell":1,"minecraft:kelp":10,"minecraft:wheat_seeds":1,"delightful:acorn":5,"minecraft:iron_ingot":1,"twigs:twig":9,"minecraft:melon_slice":64,"delightful:green_tea_leaf":2,"minecraft:prismarine":1,"minecraft:raw_iron":28,"delightful:raw_goat":8,"minecraft:pumpkin":2,"minecraft:torch":10,"minecraft:porkchop":3,"minecraft:barrel":1,"biomesoplenty:mahogany_log":24,"alexsmobs:raw_catfish":2,"minecraft:arrow":2,"minecraft:rotten_flesh":4,"biomesoplenty:mahogany_sapling":3,"minecraft:hay_block":1,"minecraft:granite":1,"biomesoplenty:pink_daffodil":1,"minecraft:oak_sapling":14,"minecraft:netherrack":14,"twigs:tangerine_seashell":1,"minecraft:coal":85,"alexsmobs:flying_fish":3,"minecraft:cobblestone":64}},"DataVersion":3465}