{"stats":{"minecraft:custom":{"minecraft:open_barrel":7,"minecraft:open_chest":4,"minecraft:time_since_rest":1839,"minecraft:play_time":17410,"minecraft:sprint_one_cm":36056,"minecraft:damage_taken":10,"minecraft:walk_one_cm":46156,"minecraft:walk_under_water_one_cm":170,"minecraft:mob_kills":1,"minecraft:jump":193,"minecraft:damage_dealt":50,"minecraft:walk_on_water_one_cm":4875,"minecraft:time_since_death":17410,"minecraft:sleep_in_bed":2,"minecraft:climb_one_cm":1060,"minecraft:total_world_time":17410,"minecraft:fall_one_cm":2127,"minecraft:fly_one_cm":12165},"minecraft:crafted":{"minecraft:oak_planks":4},"minecraft:killed":{"minecraft:chicken":1},"minecraft:used":{"minecraft:oak_planks":3,"delightful:acorn":1},"minecraft:picked_up":{"minecraft:feather":2,"minecraft:allium":1,"minecraft:chicken":1,"minecraft:wheat_seeds":1,"delightful:acorn":2,"minecraft:oak_log":4,"biomesoplenty:pink_daffodil":1,"minecraft:oak_sapling":2},"minecraft:mined":{"minecraft:grass":14,"biomesoplenty:bush":5,"minecraft:allium":1,"biomesoplenty:high_grass":1,"minecraft:oak_log":4,"biomesoplenty:high_grass_plant":8,"biomesoplenty:pink_daffodil":1,"minecraft:oak_leaves":15}},"DataVersion":3465}