{"stats":{"minecraft:killed_by":{"minecraft:cave_spider":1,"minecraft:creeper":1},"minecraft:custom":{"minecraft:interact_with_furnace":14,"minecraft:mob_kills":15,"minecraft:interact_with_crafting_table":17,"minecraft:open_barrel":7,"minecraft:time_since_death":3436,"minecraft:sleep_in_bed":4,"minecraft:climb_one_cm":1984,"minecraft:time_since_rest":1617,"minecraft:sprint_one_cm":150376,"minecraft:damage_taken":648,"minecraft:walk_one_cm":197772,"minecraft:drop":1,"minecraft:damage_dealt":2033,"minecraft:fly_one_cm":32951,"minecraft:open_chest":11,"minecraft:play_time":77410,"minecraft:deaths":2,"minecraft:walk_under_water_one_cm":1542,"minecraft:jump":628,"minecraft:walk_on_water_one_cm":17670,"minecraft:total_world_time":77410,"minecraft:fall_one_cm":7988},"minecraft:dropped":{"minecraft:iron_ingot":1},"minecraft:crafted":{"minecraft:oak_planks":40,"minecraft:cooked_porkchop":3,"farmersdelight:iron_knife":1,"minecraft:wooden_pickaxe":1,"minecraft:cooked_chicken":1,"minecraft:iron_helmet":1,"minecraft:iron_sword":1,"delightful:cooked_goat":7,"minecraft:furnace":1,"minecraft:copper_ingot":19,"minecraft:stone_axe":1,"farmersdelight:cutting_board":1,"minecraft:stick":48,"minecraft:iron_ingot":9,"minecraft:stone_pickaxe":1,"minecraft:wooden_axe":1,"minecraft:stone_sword":1,"minecraft:torch":76},"minecraft:killed":{"minecraft:cave_spider":1,"minecraft:pig":1,"minecraft:spider":1,"minecraft:creeper":1,"alexsmobs:catfish":2,"minecraft:goat":6,"minecraft:chicken":1,"minecraft:drowned":2},"minecraft:used":{"minecraft:stone_sword":36,"minecraft:stone_pickaxe":74,"minecraft:oak_planks":4,"delightful:cooked_goat":3,"minecraft:wooden_pickaxe":40,"minecraft:iron_sword":70,"minecraft:cooked_chicken":1,"minecraft:torch":37,"minecraft:oak_log":1,"minecraft:melon_slice":9,"minecraft:stone_axe":104,"farmersdelight:cutting_board":1,"minecraft:cobblestone":7,"minecraft:furnace":1,"delightful:acorn":1},"minecraft:picked_up":{"minecraft:cocoa_beans":4,"minecraft:coarse_dirt":1,"minecraft:allium":1,"minecraft:feather":2,"minecraft:chicken":1,"biomesoplenty:violet":1,"minecraft:oak_log":51,"minecraft:gunpowder":2,"minecraft:string":3,"minecraft:dirt":23,"minecraft:raw_copper":19,"minecraft:wheat_seeds":1,"delightful:acorn":5,"minecraft:iron_ingot":1,"twigs:twig":9,"minecraft:melon_slice":64,"delightful:green_tea_leaf":2,"minecraft:raw_iron":14,"delightful:raw_goat":8,"minecraft:torch":3,"minecraft:porkchop":3,"alexsmobs:raw_catfish":2,"biomesoplenty:mahogany_log":24,"minecraft:rotten_flesh":2,"biomesoplenty:mahogany_sapling":3,"biomesoplenty:pink_daffodil":1,"minecraft:oak_sapling":14,"minecraft:coal":52,"minecraft:cobblestone":44},"minecraft:mined":{"minecraft:torch":1,"biomesoplenty:bush":5,"minecraft:allium":1,"minecraft:melon":13,"biomesoplenty:high_grass_plant":11,"minecraft:copper_ore":5,"minecraft:wall_torch":2,"minecraft:coarse_dirt":2,"biomesoplenty:mahogany_log":26,"minecraft:iron_ore":14,"biomesoplenty:pink_daffodil":1,"minecraft:grass":22,"minecraft:oak_log":55,"minecraft:coal_ore":52,"biomesoplenty:high_grass":4,"minecraft:cocoa":2,"biomesoplenty:webbing":10,"biomesoplenty:stringy_cobweb":1,"biomesoplenty:spider_egg":1,"minecraft:stone":40,"minecraft:oak_leaves":15,"minecraft:fern":4}},"DataVersion":3465}