{"stats":{"minecraft:killed_by":{"minecraft:cave_spider":1,"minecraft:creeper":1},"minecraft:custom":{"minecraft:interact_with_furnace":19,"minecraft:mob_kills":15,"minecraft:interact_with_crafting_table":18,"minecraft:open_barrel":9,"minecraft:time_since_death":15436,"minecraft:sleep_in_bed":4,"minecraft:climb_one_cm":2000,"minecraft:time_since_rest":13617,"minecraft:sprint_one_cm":158614,"minecraft:damage_taken":718,"minecraft:walk_one_cm":263330,"minecraft:drop":1,"minecraft:damage_dealt":2033,"minecraft:fly_one_cm":33994,"minecraft:open_chest":14,"minecraft:crouch_one_cm":392,"minecraft:play_time":89410,"minecraft:deaths":2,"minecraft:sneak_time":34,"minecraft:walk_under_water_one_cm":10998,"minecraft:jump":675,"minecraft:walk_on_water_one_cm":23995,"minecraft:total_world_time":89410,"minecraft:fall_one_cm":10607},"minecraft:dropped":{"minecraft:iron_ingot":1},"minecraft:crafted":{"minecraft:oak_planks":40,"minecraft:cooked_porkchop":3,"farmersdelight:iron_knife":1,"minecraft:wooden_pickaxe":1,"minecraft:cooked_chicken":1,"minecraft:iron_helmet":1,"minecraft:iron_sword":1,"delightful:cooked_goat":7,"minecraft:furnace":1,"minecraft:copper_ingot":19,"minecraft:stone_axe":1,"farmersdelight:cutting_board":1,"minecraft:stick":48,"minecraft:iron_ingot":9,"minecraft:stone_pickaxe":1,"minecraft:wooden_axe":1,"minecraft:stone_sword":1,"alexsmobs:cooked_catfish":2,"minecraft:torch":76},"minecraft:killed":{"minecraft:cave_spider":1,"minecraft:pig":1,"minecraft:spider":1,"minecraft:creeper":1,"alexsmobs:catfish":2,"minecraft:goat":6,"minecraft:chicken":1,"minecraft:drowned":2},"minecraft:used":{"minecraft:stone_sword":36,"minecraft:stone_pickaxe":91,"minecraft:oak_planks":4,"delightful:cooked_goat":4,"minecraft:wooden_pickaxe":40,"minecraft:iron_sword":70,"minecraft:cooked_chicken":1,"minecraft:torch":38,"minecraft:oak_log":1,"minecraft:melon_slice":11,"minecraft:stone_axe":104,"farmersdelight:cutting_board":1,"minecraft:cobblestone":7,"minecraft:furnace":1,"delightful:acorn":1},"minecraft:picked_up":{"quark:crimson_chest":1,"minecraft:cocoa_beans":4,"minecraft:coarse_dirt":1,"minecraft:allium":1,"minecraft:feather":2,"minecraft:chicken":1,"biomesoplenty:violet":1,"minecraft:oak_log":51,"minecraft:gunpowder":2,"minecraft:string":3,"minecraft:dirt":23,"minecraft:raw_copper":19,"minecraft:wheat_seeds":1,"delightful:acorn":5,"minecraft:iron_ingot":1,"twigs:twig":9,"minecraft:melon_slice":64,"delightful:green_tea_leaf":2,"minecraft:prismarine":1,"minecraft:raw_iron":14,"delightful:raw_goat":8,"minecraft:torch":4,"minecraft:porkchop":3,"alexsmobs:raw_catfish":2,"biomesoplenty:mahogany_log":24,"minecraft:rotten_flesh":2,"biomesoplenty:mahogany_sapling":3,"biomesoplenty:pink_daffodil":1,"minecraft:oak_sapling":14,"minecraft:netherrack":14,"minecraft:coal":52,"minecraft:cobblestone":44},"minecraft:mined":{"minecraft:torch":1,"biomesoplenty:bush":5,"minecraft:allium":1,"minecraft:melon":13,"biomesoplenty:high_grass_plant":11,"minecraft:copper_ore":5,"minecraft:prismarine":1,"minecraft:frosted_ice":1,"minecraft:wall_torch":3,"minecraft:coarse_dirt":2,"biomesoplenty:mahogany_log":26,"minecraft:iron_ore":14,"biomesoplenty:pink_daffodil":1,"minecraft:grass":22,"minecraft:oak_log":55,"minecraft:coal_ore":52,"biomesoplenty:high_grass":4,"minecraft:cocoa":2,"biomesoplenty:webbing":10,"biomesoplenty:stringy_cobweb":1,"quark:crimson_chest":1,"biomesoplenty:spider_egg":1,"minecraft:stone":40,"minecraft:netherrack":14,"minecraft:oak_leaves":15,"minecraft:fern":4}},"DataVersion":3465}