{"stats":{"minecraft:killed_by":{"minecraft:creeper":1},"minecraft:custom":{"minecraft:interact_with_furnace":14,"minecraft:mob_kills":8,"minecraft:interact_with_crafting_table":17,"minecraft:open_barrel":7,"minecraft:time_since_death":27184,"minecraft:sleep_in_bed":3,"minecraft:climb_one_cm":1984,"minecraft:time_since_rest":27348,"minecraft:sprint_one_cm":138529,"minecraft:damage_taken":310,"minecraft:walk_one_cm":160407,"minecraft:drop":1,"minecraft:damage_dealt":709,"minecraft:fly_one_cm":30723,"minecraft:open_chest":11,"minecraft:play_time":65410,"minecraft:deaths":1,"minecraft:walk_under_water_one_cm":607,"minecraft:jump":557,"minecraft:walk_on_water_one_cm":8740,"minecraft:total_world_time":65410,"minecraft:fall_one_cm":7510},"minecraft:dropped":{"minecraft:iron_ingot":1},"minecraft:crafted":{"minecraft:oak_planks":40,"minecraft:cooked_porkchop":3,"farmersdelight:iron_knife":1,"minecraft:wooden_pickaxe":1,"minecraft:cooked_chicken":1,"minecraft:iron_helmet":1,"minecraft:iron_sword":1,"delightful:cooked_goat":7,"minecraft:furnace":1,"minecraft:copper_ingot":19,"minecraft:stone_axe":1,"farmersdelight:cutting_board":1,"minecraft:stick":48,"minecraft:iron_ingot":9,"minecraft:stone_pickaxe":1,"minecraft:wooden_axe":1,"minecraft:stone_sword":1,"minecraft:torch":76},"minecraft:killed":{"minecraft:pig":1,"minecraft:goat":6,"minecraft:chicken":1},"minecraft:used":{"minecraft:stone_sword":36,"minecraft:stone_pickaxe":44,"minecraft:oak_planks":4,"delightful:cooked_goat":3,"minecraft:wooden_pickaxe":40,"minecraft:cooked_chicken":1,"minecraft:torch":2,"minecraft:oak_log":1,"minecraft:melon_slice":2,"minecraft:stone_axe":104,"farmersdelight:cutting_board":1,"minecraft:cobblestone":4,"minecraft:furnace":1,"delightful:acorn":1},"minecraft:picked_up":{"minecraft:cocoa_beans":4,"minecraft:coarse_dirt":1,"minecraft:allium":1,"minecraft:feather":2,"minecraft:chicken":1,"biomesoplenty:violet":1,"minecraft:oak_log":51,"minecraft:dirt":23,"minecraft:raw_copper":19,"minecraft:wheat_seeds":1,"delightful:acorn":5,"minecraft:iron_ingot":1,"twigs:twig":9,"minecraft:melon_slice":64,"delightful:green_tea_leaf":2,"minecraft:raw_iron":9,"delightful:raw_goat":8,"minecraft:torch":1,"minecraft:porkchop":3,"biomesoplenty:mahogany_log":24,"biomesoplenty:mahogany_sapling":3,"biomesoplenty:pink_daffodil":1,"minecraft:oak_sapling":14,"minecraft:coal":52,"minecraft:cobblestone":22},"minecraft:mined":{"minecraft:torch":1,"biomesoplenty:bush":5,"minecraft:allium":1,"minecraft:melon":13,"biomesoplenty:high_grass_plant":11,"minecraft:copper_ore":5,"minecraft:coarse_dirt":2,"biomesoplenty:mahogany_log":26,"minecraft:iron_ore":9,"biomesoplenty:pink_daffodil":1,"minecraft:grass":22,"minecraft:oak_log":55,"minecraft:coal_ore":52,"biomesoplenty:high_grass":4,"minecraft:cocoa":2,"minecraft:stone":18,"minecraft:oak_leaves":15,"minecraft:fern":4}},"DataVersion":3465}