{"stats":{"minecraft:killed_by":{"minecraft:creeper":1},"minecraft:custom":{"minecraft:time_since_rest":3348,"minecraft:interact_with_furnace":5,"minecraft:sprint_one_cm":94620,"minecraft:damage_taken":230,"minecraft:walk_one_cm":100962,"minecraft:mob_kills":6,"minecraft:damage_dealt":549,"minecraft:interact_with_crafting_table":5,"minecraft:fly_one_cm":20789,"minecraft:open_barrel":7,"minecraft:open_chest":4,"minecraft:deaths":1,"minecraft:play_time":41410,"minecraft:walk_under_water_one_cm":607,"minecraft:jump":379,"minecraft:time_since_death":3184,"minecraft:walk_on_water_one_cm":8740,"minecraft:sleep_in_bed":3,"minecraft:total_world_time":41410,"minecraft:climb_one_cm":1554,"minecraft:fall_one_cm":4312},"minecraft:crafted":{"minecraft:oak_planks":32,"minecraft:stick":44,"minecraft:wooden_pickaxe":1,"minecraft:stone_sword":1,"minecraft:cooked_chicken":1,"minecraft:stone_pickaxe":1,"minecraft:wooden_axe":1,"delightful:cooked_goat":7,"minecraft:torch":76,"minecraft:stone_axe":1},"minecraft:killed":{"minecraft:goat":5,"minecraft:chicken":1},"minecraft:used":{"minecraft:stone_sword":28,"minecraft:stone_pickaxe":37,"delightful:cooked_goat":2,"minecraft:oak_planks":4,"minecraft:wooden_pickaxe":40,"minecraft:cooked_chicken":1,"minecraft:cobblestone":4,"delightful:acorn":1},"minecraft:picked_up":{"minecraft:raw_iron":3,"delightful:raw_goat":7,"minecraft:allium":1,"minecraft:feather":2,"minecraft:chicken":1,"minecraft:oak_log":4,"minecraft:raw_copper":15,"minecraft:wheat_seeds":1,"delightful:acorn":2,"biomesoplenty:pink_daffodil":1,"minecraft:oak_sapling":2,"minecraft:coal":52,"minecraft:cobblestone":18},"minecraft:mined":{"minecraft:iron_ore":3,"biomesoplenty:pink_daffodil":1,"minecraft:grass":15,"biomesoplenty:bush":5,"minecraft:allium":1,"minecraft:coal_ore":52,"minecraft:oak_log":4,"biomesoplenty:high_grass":1,"biomesoplenty:high_grass_plant":8,"minecraft:copper_ore":4,"minecraft:stone":18,"minecraft:oak_leaves":15}},"DataVersion":3465}