{"stats":{"minecraft:custom":{"minecraft:jump":36,"minecraft:time_since_rest":5410,"minecraft:sprint_one_cm":3104,"minecraft:play_time":5410,"minecraft:time_since_death":5410,"minecraft:walk_one_cm":11454,"minecraft:total_world_time":5410,"minecraft:fall_one_cm":896,"minecraft:fly_one_cm":3414},"minecraft:crafted":{"minecraft:oak_planks":4},"minecraft:picked_up":{"minecraft:oak_log":2,"minecraft:oak_sapling":1,"delightful:acorn":1},"minecraft:mined":{"minecraft:oak_log":2,"minecraft:oak_leaves":5}},"DataVersion":3465}