{"stats":{"minecraft:custom":{"minecraft:time_since_rest":13839,"minecraft:interact_with_furnace":4,"minecraft:sprint_one_cm":82541,"minecraft:damage_taken":10,"minecraft:walk_one_cm":74197,"minecraft:mob_kills":6,"minecraft:damage_dealt":549,"minecraft:interact_with_crafting_table":5,"minecraft:fly_one_cm":19528,"minecraft:open_barrel":7,"minecraft:open_chest":4,"minecraft:play_time":29410,"minecraft:walk_under_water_one_cm":170,"minecraft:jump":272,"minecraft:time_since_death":29410,"minecraft:walk_on_water_one_cm":4875,"minecraft:sleep_in_bed":2,"minecraft:total_world_time":29410,"minecraft:climb_one_cm":1060,"minecraft:fall_one_cm":3439},"minecraft:crafted":{"minecraft:oak_planks":16,"minecraft:stick":12,"minecraft:wooden_pickaxe":1,"minecraft:stone_sword":1,"minecraft:cooked_chicken":1,"minecraft:stone_pickaxe":1,"minecraft:wooden_axe":1,"minecraft:torch":12,"minecraft:stone_axe":1},"minecraft:killed":{"minecraft:goat":5,"minecraft:chicken":1},"minecraft:used":{"minecraft:stone_sword":28,"minecraft:stone_pickaxe":15,"minecraft:oak_planks":4,"minecraft:wooden_pickaxe":40,"minecraft:cooked_chicken":1,"minecraft:cobblestone":4,"delightful:acorn":1},"minecraft:picked_up":{"delightful:raw_goat":7,"minecraft:allium":1,"minecraft:feather":2,"minecraft:chicken":1,"minecraft:oak_log":4,"minecraft:wheat_seeds":1,"delightful:acorn":2,"biomesoplenty:pink_daffodil":1,"minecraft:oak_sapling":2,"minecraft:coal":38,"minecraft:cobblestone":17},"minecraft:mined":{"biomesoplenty:pink_daffodil":1,"minecraft:grass":15,"biomesoplenty:bush":5,"minecraft:allium":1,"minecraft:coal_ore":38,"minecraft:oak_log":4,"biomesoplenty:high_grass":1,"biomesoplenty:high_grass_plant":8,"minecraft:stone":17,"minecraft:oak_leaves":15}},"DataVersion":3465}