{"stats":{"minecraft:killed_by":{"minecraft:creeper":1},"minecraft:custom":{"minecraft:time_since_rest":15348,"minecraft:interact_with_furnace":9,"minecraft:sprint_one_cm":106770,"minecraft:damage_taken":250,"minecraft:walk_one_cm":133674,"minecraft:mob_kills":8,"minecraft:damage_dealt":709,"minecraft:interact_with_crafting_table":8,"minecraft:fly_one_cm":22947,"minecraft:open_barrel":7,"minecraft:open_chest":6,"minecraft:deaths":1,"minecraft:play_time":53410,"minecraft:walk_under_water_one_cm":607,"minecraft:jump":487,"minecraft:time_since_death":15184,"minecraft:walk_on_water_one_cm":8740,"minecraft:sleep_in_bed":3,"minecraft:total_world_time":53410,"minecraft:climb_one_cm":1570,"minecraft:fall_one_cm":5194},"minecraft:crafted":{"minecraft:oak_planks":36,"farmersdelight:iron_knife":1,"minecraft:iron_ingot":9,"minecraft:stick":48,"minecraft:furnace":1,"minecraft:wooden_pickaxe":1,"minecraft:stone_sword":1,"minecraft:cooked_chicken":1,"minecraft:stone_pickaxe":1,"minecraft:wooden_axe":1,"delightful:cooked_goat":7,"minecraft:torch":76,"minecraft:stone_axe":1},"minecraft:killed":{"minecraft:goat":6,"minecraft:pig":1,"minecraft:chicken":1},"minecraft:used":{"minecraft:stone_sword":36,"minecraft:stone_pickaxe":44,"delightful:cooked_goat":3,"minecraft:oak_planks":4,"minecraft:wooden_pickaxe":40,"minecraft:cooked_chicken":1,"minecraft:stone_axe":85,"minecraft:torch":2,"minecraft:cobblestone":4,"minecraft:furnace":1,"delightful:acorn":1},"minecraft:picked_up":{"minecraft:raw_iron":9,"delightful:raw_goat":8,"minecraft:allium":1,"minecraft:feather":2,"minecraft:chicken":1,"minecraft:torch":1,"biomesoplenty:violet":1,"minecraft:porkchop":3,"minecraft:oak_log":51,"biomesoplenty:mahogany_log":24,"minecraft:dirt":23,"minecraft:raw_copper":19,"minecraft:wheat_seeds":1,"biomesoplenty:mahogany_sapling":3,"delightful:acorn":5,"biomesoplenty:pink_daffodil":1,"minecraft:oak_sapling":12,"twigs:twig":5,"delightful:green_tea_leaf":2,"minecraft:coal":52,"minecraft:cobblestone":22},"minecraft:mined":{"minecraft:coarse_dirt":1,"biomesoplenty:mahogany_log":26,"minecraft:iron_ore":9,"biomesoplenty:pink_daffodil":1,"minecraft:torch":1,"minecraft:grass":18,"biomesoplenty:bush":5,"minecraft:allium":1,"minecraft:coal_ore":52,"minecraft:oak_log":55,"biomesoplenty:high_grass":1,"biomesoplenty:high_grass_plant":8,"minecraft:copper_ore":5,"minecraft:stone":18,"minecraft:oak_leaves":15}},"DataVersion":3465}