{"stats":{"minecraft:killed_by":{"minecraft:creeper":3,"minecraft:pillager":3,"minecraft:vindicator":3,"minecraft:cave_spider":1,"minecraft:witch":1,"alexsmobs:grizzly_bear":1,"minecraft:spider":1},"minecraft:custom":{"minecraft:interact_with_crafting_table":34,"minecraft:open_barrel":23,"goblintraders:trade_with_goblin":23,"minecraft:leave_game":5,"minecraft:time_since_death":38139,"minecraft:sprint_one_cm":1041745,"minecraft:damage_blocked_by_shield":170,"minecraft:drop":94,"minecraft:talked_to_villager":15,"minecraft:play_time":639673,"minecraft:deaths":16,"minecraft:jump":4413,"minecraft:walk_on_water_one_cm":270553,"minecraft:enchant_item":3,"minecraft:interact_with_furnace":40,"minecraft:interact_with_cartography_table":2,"minecraft:sleep_in_bed":19,"minecraft:damage_dealt":15780,"minecraft:crouch_one_cm":6555,"minecraft:interact_with_smoker":1,"minecraft:interact_with_smithing_table":2,"minecraft:mob_kills":96,"minecraft:climb_one_cm":34159,"minecraft:walk_one_cm":2002219,"minecraft:sneak_time":4922,"minecraft:walk_under_water_one_cm":184031,"minecraft:total_world_time":639673,"minecraft:pot_flower":1,"minecraft:interact_with_grindstone":3,"minecraft:time_since_rest":38415,"minecraft:damage_taken":10735,"minecraft:swim_one_cm":78779,"minecraft:fly_one_cm":3061878,"minecraft:open_chest":124,"minecraft:fish_caught":9,"minecraft:fall_one_cm":75541},"minecraft:broken":{"minecraft:stone_pickaxe":1,"minecraft:iron_sword":1,"minecraft:flint_and_steel":1,"minecraft:wooden_pickaxe":1,"minecraft:iron_pickaxe":1,"minecraft:iron_helmet":1},"minecraft:mined":{"minecraft:oak_sapling":1,"minecraft:farmland":1,"minecraft:granite":98,"minecraft:grass_block":100,"twigs:twig":1,"minecraft:frosted_ice":2,"biomesoplenty:blackstone_bulb":1,"minecraft:cobbled_deepslate":2,"minecraft:barrel":1,"minecraft:iron_ore":73,"minecraft:fire":2,"biomesoplenty:lavender":3,"minecraft:moss_carpet":2,"minecraft:deepslate_lapis_ore":8,"biomesoplenty:glowflower":2,"minecraft:iron_bars":2,"biomesoplenty:webbing":13,"blue_skies:camellia":2,"biomesoplenty:jacaranda_leaves":4,"minecraft:deepslate_redstone_ore":19,"minecraft:brown_mushroom":9,"blue_skies:crystal_flower":1,"minecraft:kelp_plant":1,"biomesoplenty:blackstone_spines":1,"twigs:azalea_flowers":3,"biomesoplenty:hanging_cobweb_strand":2,"minecraft:clay":8,"minecraft:torch":19,"diagonalfences:minecraft/oak_fence":2,"minecraft:melon":44,"minecraft:mushroom_stem":1,"minecraft:glass":7,"minecraft:cobblestone":13,"friendsandfoes:buttercup":1,"minecraft:potted_oak_sapling":1,"minecraft:prismarine":1,"minecraft:oak_planks":1,"minecraft:iron_door":1,"minecraft:wall_torch":15,"minecraft:verdant_froglight":2,"biomesoplenty:glowworm_silk_strand":1,"minecraft:birch_log":6,"minecraft:grass":408,"minecraft:oak_log":129,"minecraft:dark_oak_sapling":3,"minecraft:dirt":29,"twigs:rhyolite":27,"minecraft:red_mushroom_block":16,"minecraft:netherrack":14,"minecraft:oak_leaves":18,"minecraft:deepslate":154,"minecraft:nether_gold_ore":11,"minecraft:tuff":22,"minecraft:deepslate_diamond_ore":12,"minecraft:dark_oak_fence":2,"biomesoplenty:bush":5,"minecraft:allium":2,"minecraft:white_stained_glass":1,"minecraft:soul_campfire":1,"farmersdelight:wild_cabbages":1,"minecraft:kelp":11,"minecraft:moss_block":14,"minecraft:red_mushroom":2,"minecraft:hay_block":1,"farmersdelight:wild_onions":1,"minecraft:andesite":40,"blue_skies:nightcress":1,"minecraft:peony":1,"biomesoplenty:high_grass":4,"minecraft:deepslate_iron_ore":25,"biomesoplenty:spider_egg":1,"minecraft:white_tulip":1,"minecraft:stone":217,"twigs:opaline_seashell":1,"twigs:pebble":1,"minecraft:scaffolding":15,"minecraft:glass_pane":46,"twigs:roseate_seashell":2,"minecraft:rose_bush":1,"minecraft:copper_ore":13,"biomesoplenty:high_grass_plant":12,"minecraft:brain_coral_fan":1,"minecraft:tall_grass":18,"minecraft:deepslate_gold_ore":29,"minecraft:lapis_ore":8,"biomesoplenty:huge_clover_petal":4,"minecraft:diorite":24,"supplementaries:urn":18,"minecraft:birch_planks":1,"minecraft:coarse_dirt":2,"minecraft:cobblestone_wall":1,"biomesoplenty:mahogany_log":26,"twigs:tangerine_seashell":1,"biomesoplenty:pink_daffodil":1,"minecraft:coal_ore":122,"minecraft:cocoa":2,"minecraft:gravel":9,"biomesoplenty:stringy_cobweb":1,"quark:crimson_chest":1,"minecraft:stone_bricks":1,"minecraft:fern":106},"minecraft:killed":{"minecraft:cave_spider":1,"minecraft:spider":4,"illagerinvasion:basher":1,"minecraft:skeleton":12,"friendsandfoes:glare":1,"minecraft:chicken":5,"illagerinvasion:provoker":2,"alexsmobs:straddler":3,"minecraft:illusioner":1,"minecraft:pig":2,"minecraft:zombie_villager":2,"minecraft:salmon":2,"minecraft:creeper":1,"minecraft:sheep":5,"minecraft:pillager":4,"minecraft:goat":6,"minecraft:zombie":27,"minecraft:cow":4,"illagerinvasion:marauder":1,"minecraft:drowned":2,"alexsmobs:flying_fish":3,"alexsmobs:catfish":2,"alexsmobs:cockroach":1,"minecraft:enderman":1},"minecraft:crafted":{"minecraft:oak_planks":232,"minecraft:cooked_chicken":1,"delightful:cooked_goat":7,"minecraft:stone":11,"minecraft:cooked_mutton":10,"minecraft:iron_boots":2,"alexsmobs:cooked_catfish":2,"minecraft:oak_fence":48,"minecraft:cooked_porkchop":3,"farmersdelight:iron_knife":1,"minecraft:iron_helmet":1,"minecraft:wooden_pickaxe":1,"minecraft:copper_ingot":19,"farmersdelight:cutting_board":1,"minecraft:stick":80,"minecraft:iron_ingot":82,"minecraft:iron_pickaxe":1,"minecraft:stone_sword":1,"minecraft:fishing_rod":1,"minecraft:furnace":1,"minecraft:iron_axe":1,"minecraft:iron_hoe":1,"minecraft:stone_pickaxe":2,"minecraft:iron_sword":2,"minecraft:bucket":4,"minecraft:stone_axe":1,"minecraft:wooden_axe":1,"minecraft:iron_shovel":1,"minecraft:iron_leggings":1,"minecraft:torch":140},"minecraft:dropped":{"farmersdelight:iron_knife":1,"minecraft:clay":4,"minecraft:iron_sword":1,"minecraft:moss_block":11,"minecraft:lapis_lazuli":55,"minecraft:oak_log":39,"minecraft:glow_berries":1,"friendsandfoes:totem_of_illusion":1,"minecraft:flint":1,"minecraft:dirt":2,"twigs:twig":1,"minecraft:bone":17,"minecraft:cobbled_deepslate":5,"minecraft:rotten_flesh":15,"supplementaries:flax_seeds":3,"supplementaries:ash":16,"minecraft:arrow":6,"minecraft:iron_ingot":21,"minecraft:deepslate_redstone_ore":4,"minecraft:cobblestone":5,"minecraft:tropical_fish":1,"minecraft:coal":12,"minecraft:melon_slice":1,"minecraft:zombie_head":1,"delightful:acorn":1,"minecraft:flowering_azalea":1,"minecraft:string":1,"minecraft:redstone":6,"minecraft:moss_carpet":5,"minecraft:clay_ball":8,"minecraft:iron_boots":1,"minecraft:name_tag":1,"minecraft:big_dripleaf":1,"minecraft:stone":10,"aether:chainmail_gloves":1,"minecraft:andesite":1,"minecraft:oak_sapling":1,"minecraft:spider_eye":2,"minecraft:bow":1},"minecraft:used":{"minecraft:moss_block":8,"farmersdelight:onion_crate":1,"minecraft:iron_shovel":31,"delightful:cooked_goat":7,"dragonmounts:spawn_egg":1,"minecraft:shield":2,"minecraft:iron_sword":468,"minecraft:carrot":13,"minecraft:axolotl_bucket":5,"minecraft:glass":64,"minecraft:lava_bucket":1,"minecraft:coal_ore":5,"friendsandfoes:totem_of_illusion":1,"minecraft:copper_ore":4,"delightful:green_tea_leaf":1,"farmersdelight:cutting_board":1,"minecraft:hay_block":2,"minecraft:scaffolding":2,"minecraft:furnace":1,"minecraft:cooked_cod":1,"friendsandfoes:buttercup":1,"minecraft:diorite":22,"minecraft:stone_pickaxe":232,"minecraft:oak_planks":5,"minecraft:wooden_pickaxe":59,"biomesoplenty:glowflower":2,"minecraft:melon_slice":114,"minecraft:verdant_froglight":2,"minecraft:deepslate":2,"minecraft:diamond_sword":134,"minecraft:white_stained_glass":21,"minecraft:andesite":13,"minecraft:tropical_fish_bucket":15,"delightful:acorn":3,"twigs:azalea_flowers":2,"minecraft:oak_fence":34,"minecraft:iron_bars":3,"minecraft:stone_sword":82,"minecraft:flint_and_steel":64,"minecraft:white_tulip":1,"minecraft:cooked_salmon":13,"minecraft:cooked_chicken":2,"minecraft:oak_door":1,"minecraft:torch":256,"minecraft:dirt":106,"minecraft:granite":89,"blue_skies:camellia":1,"farmersdelight:beef_patty":7,"delightful:roasted_acorn":23,"minecraft:iron_hoe":19,"dragonmounts:dragon_egg":2,"minecraft:iron_axe":119,"farmersdelight:cooked_salmon_slice":6,"minecraft:melon_seeds":9,"minecraft:barrel":1,"comforts:sleeping_bag_white":5,"minecraft:cooked_beef":1,"farmersdelight:tomato_seeds":9,"minecraft:cobbled_deepslate":12,"minecraft:cooked_mutton":12,"minecraft:water_bucket":84,"minecraft:birch_planks":1,"minecraft:salmon":4,"farmersdelight:onion":69,"minecraft:red_mushroom":1,"minecraft:oak_log":2,"minecraft:flower_pot":1,"minecraft:diamond_pickaxe":460,"minecraft:apple":7,"minecraft:iron_pickaxe":242,"quark:crimson_chest":2,"minecraft:stone_axe":104,"minecraft:fishing_rod":29,"minecraft:cobblestone":30,"minecraft:bucket":106,"minecraft:glass_pane":46},"minecraft:picked_up":{"dragonmounts:spawn_egg":1,"minecraft:wheat":5,"minecraft:iron_chestplate":2,"blue_skies:nightcress":1,"illagerinvasion:platinum_chunk":3,"minecraft:flower_pot":1,"twigs:roseate_seashell":2,"minecraft:lead":4,"minecraft:diamond_sword":1,"biomesoplenty:violet":1,"friendsandfoes:buttercup":1,"biomesoplenty:rainbow_birch_sapling":1,"minecraft:string":7,"minecraft:soul_soil":1,"minecraft:raw_copper":19,"minecraft:cooked_salmon":1,"minecraft:iron_leggings":2,"minecraft:armor_stand":1,"minecraft:pufferfish":1,"minecraft:zombie_head":1,"illagerinvasion:platinum_infused_hatchet":1,"minecraft:diamond_leggings":1,"minecraft:gold_nugget":45,"minecraft:cobbled_deepslate":122,"twigs:pebble":1,"minecraft:bucket":2,"comforts:sleeping_bag_white":6,"delightful:acorn":20,"minecraft:white_tulip":1,"minecraft:rose_bush":1,"minecraft:iron_pickaxe":2,"minecraft:melon_slice":213,"delightful:green_tea_leaf":3,"farmersdelight:cabbage_seeds":1,"minecraft:iron_boots":2,"minecraft:big_dripleaf":1,"minecraft:oak_fence":2,"minecraft:torch":139,"minecraft:porkchop":5,"minecraft:diorite":48,"biomesoplenty:mahogany_sapling":3,"quark:clear_shard":20,"minecraft:rotten_flesh":32,"minecraft:tropical_fish":3,"farmersdelight:onion":22,"aether:chainmail_gloves":1,"supplementaries:ash":30,"twigs:tangerine_seashell":1,"minecraft:iron_bars":3,"minecraft:cod":4,"minecraft:snowball":27,"alexsmobs:flying_fish":3,"minecraft:cobblestone":202,"biomesoplenty:lavender":3,"minecraft:birch_log":6,"farmersdelight:onion_crate":1,"minecraft:feather":4,"minecraft:cooked_beef":1,"minecraft:iron_door":1,"minecraft:andesite":38,"minecraft:flint":2,"minecraft:tuff":30,"supplementaries:flax_seeds":23,"minecraft:lapis_lazuli":108,"farmersdelight:tomato":4,"minecraft:dirt":158,"minecraft:name_tag":1,"minecraft:glass":1,"minecraft:bone":29,"minecraft:bow":1,"minecraft:wheat_seeds":65,"minecraft:raw_gold":17,"blue_skies:camellia":2,"minecraft:diamond_helmet":1,"minecraft:moss_block":19,"twigs:twig":24,"minecraft:prismarine":1,"minecraft:oak_planks":1,"crabbersdelight:crab":1,"twigs:azalea_flowers":2,"minecraft:grass_block":1,"minecraft:dark_oak_log":32,"minecraft:barrel":1,"biomesoplenty:glowflower":2,"minecraft:clay":4,"minecraft:diamond":12,"minecraft:deepslate":28,"dragonmounts:dragon_egg":1,"blue_skies:crystal_flower":1,"minecraft:lever":1,"minecraft:deepslate_gold_ore":12,"minecraft:granite":96,"minecraft:bone_meal":1,"minecraft:chainmail_helmet":1,"minecraft:emerald":15,"crabbersdelight:shrimp":1,"biomesoplenty:pink_daffodil":1,"minecraft:oak_sapling":41,"twigs:rhyolite":45,"minecraft:netherrack":14,"minecraft:dark_oak_fence":2,"minecraft:diamond_pickaxe":2,"quark:crimson_chest":1,"minecraft:fishing_rod":1,"minecraft:cocoa_beans":4,"minecraft:coarse_dirt":1,"minecraft:allium":3,"minecraft:chicken":5,"minecraft:clay_ball":12,"minecraft:brown_mushroom":15,"friendsandfoes:totem_of_illusion":2,"minecraft:shield":3,"minecraft:moss_carpet":7,"minecraft:flint_and_steel":1,"twigs:opaline_seashell":1,"farmersdelight:beef_patty":8,"minecraft:beef":11,"minecraft:iron_nugget":25,"minecraft:copper_ore":7,"minecraft:dark_oak_sapling":14,"minecraft:raw_iron":103,"minecraft:stone":32,"delightful:raw_goat":8,"minecraft:oak_door":3,"farmersdelight:minced_beef":8,"crabbersdelight:clam":4,"alexsmobs:straddlite":2,"farmersdelight:tomato_seeds":8,"minecraft:carrot":5,"minecraft:redstone":63,"minecraft:cooked_cod":1,"minecraft:arrow":17,"minecraft:diamond_chestplate":1,"minecraft:peony":1,"delightful:roasted_acorn":23,"minecraft:diamond_boots":1,"minecraft:hay_block":1,"minecraft:saddle":1,"minecraft:glow_berries":1,"minecraft:mutton":8,"minecraft:white_wool":4,"minecraft:lapis_ore":2,"minecraft:basalt":1,"minecraft:tripwire_hook":1,"minecraft:salmon":8,"minecraft:leather":3,"minecraft:red_mushroom":8,"minecraft:birch_planks":1,"supplementaries:urn":1,"minecraft:oak_log":123,"minecraft:chainmail_chestplate":1,"minecraft:lily_pad":1,"minecraft:gunpowder":2,"minecraft:cobblestone_wall":2,"minecraft:cooked_mutton":8,"minecraft:stone_bricks":1,"minecraft:apple":17,"minecraft:kelp":10,"alexsmobs:cockroach_wing_fragment":1,"minecraft:iron_ingot":1,"minecraft:verdant_froglight":2,"minecraft:iron_sword":3,"minecraft:flowering_azalea":1,"minecraft:scaffolding":18,"quark:white_shard":4,"minecraft:pumpkin":2,"minecraft:gravel":8,"illagerinvasion:illusionary_dust":1,"minecraft:spider_eye":2,"alexsmobs:raw_catfish":2,"biomesoplenty:mahogany_log":24,"minecraft:coal_ore":7,"minecraft:stone_axe":2,"minecraft:iron_helmet":3,"minecraft:deepslate_redstone_ore":4,"minecraft:black_wool":1,"minecraft:coal":113}},"DataVersion":3465}