{"stats":{"minecraft:killed_by":{"minecraft:creeper":1,"minecraft:pillager":2,"minecraft:cave_spider":1},"minecraft:custom":{"minecraft:mob_kills":29,"minecraft:interact_with_crafting_table":26,"minecraft:open_barrel":17,"minecraft:leave_game":1,"minecraft:time_since_death":13,"minecraft:climb_one_cm":8009,"minecraft:sprint_one_cm":400633,"minecraft:walk_one_cm":583965,"minecraft:drop":3,"minecraft:play_time":179151,"minecraft:deaths":4,"minecraft:sneak_time":325,"minecraft:walk_under_water_one_cm":40948,"minecraft:jump":1446,"minecraft:walk_on_water_one_cm":53696,"minecraft:total_world_time":179151,"minecraft:interact_with_furnace":33,"minecraft:interact_with_cartography_table":2,"minecraft:interact_with_grindstone":3,"minecraft:sleep_in_bed":9,"minecraft:time_since_rest":1177,"minecraft:damage_taken":2817,"minecraft:damage_dealt":4313,"minecraft:swim_one_cm":4314,"minecraft:fly_one_cm":76324,"minecraft:open_chest":27,"minecraft:crouch_one_cm":795,"minecraft:fall_one_cm":29971},"minecraft:broken":{"minecraft:stone_pickaxe":1},"minecraft:mined":{"minecraft:granite":1,"biomesoplenty:bush":5,"minecraft:allium":2,"minecraft:soul_campfire":1,"minecraft:frosted_ice":2,"minecraft:kelp":11,"minecraft:hay_block":1,"farmersdelight:wild_onions":1,"minecraft:barrel":1,"minecraft:iron_ore":28,"minecraft:fire":2,"biomesoplenty:lavender":1,"minecraft:peony":1,"biomesoplenty:high_grass":4,"biomesoplenty:webbing":10,"minecraft:stone":86,"biomesoplenty:spider_egg":1,"twigs:opaline_seashell":1,"biomesoplenty:jacaranda_leaves":4,"minecraft:kelp_plant":1,"minecraft:torch":6,"minecraft:melon":13,"twigs:roseate_seashell":2,"minecraft:rose_bush":1,"biomesoplenty:high_grass_plant":12,"minecraft:brain_coral_fan":1,"minecraft:copper_ore":5,"minecraft:tall_grass":3,"minecraft:cobblestone":1,"biomesoplenty:huge_clover_petal":4,"minecraft:prismarine":1,"minecraft:oak_planks":1,"minecraft:wall_torch":4,"minecraft:birch_planks":1,"minecraft:coarse_dirt":2,"biomesoplenty:mahogany_log":26,"minecraft:birch_log":6,"twigs:tangerine_seashell":1,"biomesoplenty:pink_daffodil":1,"minecraft:grass":43,"minecraft:oak_log":123,"minecraft:coal_ore":85,"minecraft:cocoa":2,"biomesoplenty:stringy_cobweb":1,"quark:crimson_chest":1,"minecraft:netherrack":14,"minecraft:oak_leaves":18,"minecraft:fern":11},"minecraft:killed":{"minecraft:cave_spider":1,"minecraft:spider":1,"minecraft:skeleton":1,"minecraft:chicken":1,"minecraft:drowned":2,"alexsmobs:flying_fish":3,"minecraft:pig":1,"minecraft:creeper":1,"minecraft:sheep":5,"alexsmobs:catfish":2,"minecraft:pillager":2,"minecraft:goat":6,"minecraft:zombie":2,"minecraft:enderman":1},"minecraft:crafted":{"minecraft:oak_planks":152,"minecraft:cooked_chicken":1,"delightful:cooked_goat":7,"minecraft:furnace":1,"minecraft:cooked_mutton":10,"minecraft:iron_boots":2,"minecraft:stone_pickaxe":1,"alexsmobs:cooked_catfish":2,"minecraft:cooked_porkchop":3,"farmersdelight:iron_knife":1,"minecraft:wooden_pickaxe":1,"minecraft:iron_helmet":1,"minecraft:iron_sword":1,"minecraft:copper_ingot":19,"minecraft:stone_axe":1,"farmersdelight:cutting_board":1,"minecraft:stick":48,"minecraft:iron_ingot":24,"minecraft:wooden_axe":1,"minecraft:stone_sword":1,"minecraft:iron_leggings":1,"minecraft:torch":76},"minecraft:dropped":{"minecraft:iron_ingot":1,"minecraft:oak_log":39,"minecraft:iron_boots":1},"minecraft:used":{"minecraft:stone_sword":82,"minecraft:flint_and_steel":25,"delightful:cooked_goat":7,"minecraft:iron_sword":163,"minecraft:cooked_chicken":1,"minecraft:torch":69,"minecraft:carrot":13,"minecraft:iron_axe":102,"minecraft:barrel":1,"delightful:green_tea_leaf":1,"farmersdelight:cutting_board":1,"minecraft:hay_block":2,"minecraft:furnace":1,"comforts:sleeping_bag_white":2,"minecraft:cooked_mutton":4,"minecraft:birch_planks":1,"minecraft:stone_pickaxe":194,"minecraft:oak_planks":5,"minecraft:wooden_pickaxe":40,"farmersdelight:onion":6,"minecraft:oak_log":2,"minecraft:melon_slice":64,"quark:crimson_chest":1,"minecraft:stone_axe":104,"minecraft:cobblestone":23,"delightful:acorn":3},"minecraft:picked_up":{"quark:crimson_chest":1,"minecraft:cocoa_beans":4,"minecraft:coarse_dirt":1,"minecraft:allium":3,"minecraft:wheat":5,"illagerinvasion:platinum_chunk":1,"minecraft:chicken":1,"twigs:roseate_seashell":2,"biomesoplenty:violet":1,"minecraft:shield":1,"minecraft:raw_copper":19,"minecraft:string":4,"minecraft:soul_soil":1,"minecraft:moss_carpet":1,"twigs:opaline_seashell":1,"comforts:sleeping_bag_white":3,"delightful:acorn":13,"minecraft:rose_bush":1,"minecraft:melon_slice":64,"delightful:green_tea_leaf":3,"minecraft:raw_iron":29,"delightful:raw_goat":8,"minecraft:torch":12,"minecraft:porkchop":3,"minecraft:carrot":5,"minecraft:arrow":3,"minecraft:rotten_flesh":4,"minecraft:peony":1,"biomesoplenty:mahogany_sapling":3,"minecraft:hay_block":1,"minecraft:mutton":8,"twigs:tangerine_seashell":1,"alexsmobs:flying_fish":3,"minecraft:white_wool":4,"minecraft:cobblestone":90,"biomesoplenty:lavender":1,"minecraft:birch_log":6,"minecraft:feather":2,"minecraft:red_mushroom":3,"minecraft:birch_planks":1,"minecraft:oak_log":119,"minecraft:gunpowder":2,"minecraft:dirt":23,"minecraft:cooked_mutton":2,"minecraft:bone":1,"minecraft:kelp":10,"minecraft:wheat_seeds":6,"minecraft:iron_ingot":1,"twigs:twig":15,"minecraft:prismarine":1,"minecraft:oak_planks":1,"minecraft:pumpkin":2,"minecraft:grass_block":1,"minecraft:barrel":1,"alexsmobs:raw_catfish":2,"biomesoplenty:mahogany_log":24,"minecraft:granite":1,"minecraft:emerald":2,"biomesoplenty:pink_daffodil":1,"minecraft:oak_sapling":33,"minecraft:black_wool":1,"minecraft:netherrack":14,"minecraft:coal":85}},"DataVersion":3465}