{"stats":{"minecraft:killed_by":{"minecraft:creeper":3,"minecraft:pillager":3,"minecraft:vindicator":3,"minecraft:cave_spider":1,"minecraft:witch":1,"alexsmobs:grizzly_bear":1,"minecraft:spider":1},"minecraft:broken":{"minecraft:stone_pickaxe":1,"minecraft:iron_sword":1,"minecraft:flint_and_steel":1,"minecraft:wooden_pickaxe":1,"minecraft:iron_pickaxe":1,"minecraft:iron_helmet":1},"minecraft:custom":{"minecraft:interact_with_crafting_table":34,"minecraft:open_barrel":26,"goblintraders:trade_with_goblin":23,"minecraft:leave_game":7,"minecraft:time_since_death":169949,"minecraft:sprint_one_cm":1394801,"minecraft:damage_blocked_by_shield":300,"minecraft:drop":110,"minecraft:talked_to_villager":17,"minecraft:play_time":771483,"minecraft:deaths":16,"minecraft:jump":5373,"minecraft:walk_on_water_one_cm":299284,"minecraft:enchant_item":6,"minecraft:interact_with_furnace":42,"minecraft:traded_with_villager":2,"minecraft:interact_with_cartography_table":2,"minecraft:sleep_in_bed":20,"minecraft:damage_dealt":18652,"minecraft:crouch_one_cm":6726,"minecraft:interact_with_smoker":1,"minecraft:horse_one_cm":303664,"minecraft:interact_with_smithing_table":3,"minecraft:mob_kills":141,"minecraft:inspect_hopper":1,"minecraft:climb_one_cm":54248,"minecraft:walk_one_cm":2500483,"minecraft:sneak_time":5578,"minecraft:walk_under_water_one_cm":204523,"minecraft:total_world_time":771483,"minecraft:pot_flower":1,"minecraft:interact_with_grindstone":3,"minecraft:time_since_rest":107067,"minecraft:damage_taken":11421,"minecraft:swim_one_cm":84089,"minecraft:fly_one_cm":7392132,"minecraft:open_chest":135,"minecraft:fish_caught":9,"minecraft:fall_one_cm":87194},"minecraft:dropped":{"farmersdelight:iron_knife":1,"minecraft:clay":4,"minecraft:iron_sword":1,"minecraft:moss_block":11,"minecraft:lapis_lazuli":55,"minecraft:oak_log":39,"minecraft:glow_berries":1,"friendsandfoes:totem_of_illusion":1,"minecraft:flint":1,"minecraft:dirt":2,"minecraft:white_wool":1,"twigs:twig":1,"minecraft:bone":17,"minecraft:cobbled_deepslate":5,"minecraft:rotten_flesh":15,"supplementaries:flax_seeds":3,"supplementaries:ash":16,"minecraft:arrow":6,"minecraft:iron_ingot":21,"minecraft:deepslate_redstone_ore":4,"illagerinvasion:platinum_infused_hatchet":1,"minecraft:cobblestone":5,"minecraft:tropical_fish":1,"minecraft:coal":12,"minecraft:melon_slice":11,"minecraft:zombie_head":1,"delightful:acorn":1,"minecraft:flowering_azalea":1,"minecraft:string":1,"minecraft:redstone":6,"minecraft:moss_carpet":5,"minecraft:tuff":1,"minecraft:clay_ball":8,"minecraft:iron_boots":1,"minecraft:name_tag":1,"minecraft:copper_ore":1,"minecraft:big_dripleaf":1,"minecraft:stone":10,"aether:chainmail_gloves":1,"minecraft:diamond_pickaxe":1,"minecraft:andesite":1,"minecraft:oak_sapling":1,"minecraft:spider_eye":2,"minecraft:bow":1,"minecraft:white_stained_glass":3},"minecraft:crafted":{"minecraft:oak_planks":232,"minecraft:cooked_chicken":1,"delightful:cooked_goat":7,"minecraft:stone":11,"minecraft:cooked_mutton":22,"minecraft:iron_boots":2,"alexsmobs:cooked_catfish":2,"minecraft:oak_fence":48,"minecraft:cooked_porkchop":3,"farmersdelight:iron_knife":1,"minecraft:iron_helmet":1,"minecraft:wooden_pickaxe":1,"minecraft:copper_ingot":19,"farmersdelight:cutting_board":1,"minecraft:stick":120,"minecraft:iron_ingot":82,"minecraft:iron_pickaxe":1,"minecraft:stone_sword":1,"minecraft:mangrove_propagule":1,"minecraft:fishing_rod":1,"minecraft:furnace":1,"minecraft:bone_meal":96,"minecraft:brain_coral_block":1,"minecraft:iron_axe":1,"minecraft:iron_hoe":1,"minecraft:stone_pickaxe":2,"minecraft:iron_sword":2,"minecraft:bucket":4,"minecraft:stone_axe":1,"minecraft:wooden_axe":1,"minecraft:iron_shovel":1,"minecraft:iron_leggings":1,"minecraft:torch":196},"minecraft:killed":{"twilightforest:boar":1,"minecraft:cave_spider":1,"minecraft:spider":4,"illagerinvasion:basher":1,"minecraft:skeleton":25,"friendsandfoes:glare":1,"minecraft:chicken":12,"illagerinvasion:provoker":2,"alexsmobs:straddler":3,"minecraft:illusioner":1,"minecraft:pig":3,"minecraft:zombie_villager":3,"minecraft:salmon":2,"minecraft:creeper":7,"minecraft:sheep":6,"minecraft:pillager":4,"minecraft:goat":6,"minecraft:zombie":36,"minecraft:cow":4,"twilightforest:deer":2,"illagerinvasion:marauder":2,"twilightforest:naga":1,"minecraft:drowned":2,"alexsmobs:flying_fish":3,"twilightforest:kobold":2,"alexsmobs:catfish":2,"alexsmobs:cockroach":1,"minecraft:enderman":1},"minecraft:used":{"minecraft:moss_block":8,"farmersdelight:onion_crate":1,"minecraft:iron_shovel":31,"delightful:cooked_goat":7,"dragonmounts:spawn_egg":1,"minecraft:shield":3,"minecraft:iron_sword":468,"minecraft:carrot":13,"minecraft:axolotl_bucket":5,"minecraft:glass":64,"minecraft:lava_bucket":1,"minecraft:coal_ore":5,"friendsandfoes:totem_of_illusion":1,"minecraft:copper_ore":4,"delightful:green_tea_leaf":1,"minecraft:scaffolding":2,"farmersdelight:cutting_board":1,"minecraft:hay_block":2,"minecraft:furnace":1,"minecraft:cooked_cod":1,"friendsandfoes:buttercup":1,"minecraft:diorite":22,"minecraft:stone_pickaxe":232,"minecraft:oak_planks":6,"minecraft:wooden_pickaxe":59,"minecraft:diamond_axe":179,"biomesoplenty:glowflower":2,"minecraft:bread":1,"minecraft:melon_slice":121,"minecraft:verdant_froglight":2,"minecraft:deepslate":2,"minecraft:diamond_sword":296,"minecraft:white_stained_glass":21,"minecraft:andesite":13,"minecraft:tropical_fish_bucket":15,"minecraft:bone_meal":96,"delightful:acorn":3,"twigs:azalea_flowers":2,"minecraft:oak_fence":38,"minecraft:iron_bars":3,"minecraft:stone_sword":82,"minecraft:flint_and_steel":64,"minecraft:white_tulip":1,"minecraft:cooked_salmon":13,"minecraft:cooked_chicken":2,"minecraft:oak_door":1,"minecraft:torch":262,"minecraft:dirt":111,"minecraft:granite":89,"blue_skies:camellia":1,"farmersdelight:beef_patty":7,"delightful:roasted_acorn":23,"minecraft:iron_hoe":19,"dragonmounts:dragon_egg":2,"minecraft:iron_axe":119,"farmersdelight:cooked_salmon_slice":6,"minecraft:melon_seeds":9,"minecraft:barrel":1,"comforts:sleeping_bag_white":5,"minecraft:cooked_beef":1,"farmersdelight:tomato_seeds":9,"minecraft:cobbled_deepslate":12,"minecraft:cooked_mutton":22,"minecraft:water_bucket":87,"minecraft:birch_planks":1,"minecraft:salmon":4,"minecraft:mossy_cobblestone":1,"farmersdelight:onion":69,"minecraft:red_mushroom":1,"minecraft:oak_log":2,"minecraft:flower_pot":1,"minecraft:diamond_pickaxe":762,"minecraft:apple":14,"minecraft:mangrove_propagule":2,"minecraft:iron_pickaxe":242,"quark:crimson_chest":2,"minecraft:stone_axe":104,"minecraft:fishing_rod":29,"minecraft:cobblestone":42,"minecraft:cooked_porkchop":2,"minecraft:bucket":109,"minecraft:glass_pane":46},"minecraft:picked_up":{"dragonmounts:spawn_egg":1,"minecraft:iron_chestplate":2,"blue_skies:nightcress":1,"minecraft:wheat":5,"illagerinvasion:platinum_chunk":3,"minecraft:flower_pot":1,"twigs:roseate_seashell":2,"minecraft:lead":9,"minecraft:diamond_sword":1,"biomesoplenty:violet":1,"friendsandfoes:buttercup":1,"biomesoplenty:rainbow_birch_sapling":1,"minecraft:string":11,"minecraft:soul_soil":1,"minecraft:raw_copper":30,"minecraft:cooked_salmon":1,"minecraft:iron_leggings":2,"minecraft:armor_stand":1,"minecraft:pufferfish":1,"minecraft:zombie_head":1,"illagerinvasion:platinum_infused_hatchet":1,"minecraft:diamond_leggings":1,"minecraft:gold_nugget":46,"minecraft:cobbled_deepslate":122,"twigs:pebble":3,"minecraft:bucket":3,"comforts:sleeping_bag_white":6,"delightful:acorn":20,"minecraft:white_tulip":1,"minecraft:rose_bush":1,"minecraft:azalea":2,"minecraft:iron_pickaxe":2,"minecraft:melon_slice":231,"delightful:green_tea_leaf":6,"farmersdelight:cabbage_seeds":1,"minecraft:mangrove_log":6,"minecraft:iron_boots":2,"farmersdelight:rotten_tomato":4,"minecraft:big_dripleaf":1,"minecraft:oak_fence":7,"minecraft:torch":146,"minecraft:porkchop":9,"minecraft:diorite":48,"quark:clear_shard":20,"minecraft:rotten_flesh":36,"minecraft:tropical_fish":3,"farmersdelight:onion":26,"biomesoplenty:mahogany_sapling":3,"aether:chainmail_gloves":1,"minecraft:mangrove_roots":1,"supplementaries:ash":30,"twigs:tangerine_seashell":1,"minecraft:iron_bars":3,"minecraft:cod":4,"minecraft:snowball":27,"alexsmobs:flying_fish":3,"minecraft:cobblestone":374,"biomesoplenty:lavender":3,"minecraft:birch_log":6,"farmersdelight:onion_crate":1,"minecraft:feather":8,"minecraft:cooked_beef":1,"twilightforest:twilight_oak_log":7,"minecraft:iron_door":2,"minecraft:andesite":79,"minecraft:flint":5,"minecraft:tuff":30,"supplementaries:flax_seeds":23,"twilightforest:mossy_nagastone_pillar":1,"minecraft:lapis_lazuli":202,"farmersdelight:tomato":76,"minecraft:dirt":186,"minecraft:name_tag":1,"twilightforest:canopy_sapling":12,"minecraft:glass":1,"minecraft:bone":29,"minecraft:bow":1,"minecraft:wheat_seeds":70,"minecraft:raw_gold":17,"blue_skies:camellia":2,"minecraft:diamond_helmet":1,"minecraft:glowstone_dust":4,"twigs:twig":35,"minecraft:moss_block":22,"minecraft:prismarine":1,"minecraft:oak_planks":2,"minecraft:mossy_stone_brick_stairs":2,"minecraft:cooked_porkchop":11,"crabbersdelight:crab":1,"twilightforest:canopy_log":28,"twigs:azalea_flowers":2,"minecraft:grass_block":1,"minecraft:dark_oak_log":32,"minecraft:barrel":1,"minecraft:mossy_cobblestone":2,"biomesoplenty:glowflower":2,"twilightforest:mossy_etched_nagastone":2,"minecraft:clay":4,"minecraft:deepslate":28,"minecraft:diamond":12,"blue_skies:crystal_flower":1,"dragonmounts:dragon_egg":1,"minecraft:lever":1,"minecraft:deepslate_gold_ore":12,"minecraft:granite":96,"minecraft:bone_meal":1,"minecraft:dark_oak_fence":2,"minecraft:emerald":19,"minecraft:chainmail_helmet":1,"crabbersdelight:shrimp":1,"biomesoplenty:pink_daffodil":1,"minecraft:oak_sapling":41,"twigs:rhyolite":45,"minecraft:netherrack":14,"twilightforest:torchberries":4,"minecraft:diamond_pickaxe":3,"quark:crimson_chest":1,"minecraft:fishing_rod":1,"minecraft:cocoa_beans":4,"minecraft:coarse_dirt":1,"minecraft:allium":3,"minecraft:chicken":15,"minecraft:clay_ball":68,"minecraft:brown_mushroom":15,"backpacked:backpack":1,"friendsandfoes:totem_of_illusion":2,"minecraft:chain":2,"minecraft:shield":4,"minecraft:moss_carpet":8,"minecraft:flint_and_steel":1,"minecraft:white_stained_glass":3,"twigs:opaline_seashell":1,"farmersdelight:beef_patty":8,"minecraft:mossy_cobblestone_wall":1,"minecraft:beef":11,"minecraft:iron_nugget":25,"minecraft:egg":1,"minecraft:copper_ore":7,"minecraft:dark_oak_sapling":14,"minecraft:raw_iron":103,"minecraft:stone":37,"delightful:raw_goat":8,"minecraft:oak_door":3,"farmersdelight:minced_beef":8,"crabbersdelight:clam":4,"alexsmobs:straddlite":2,"farmersdelight:tomato_seeds":10,"minecraft:carrot":5,"minecraft:redstone":63,"minecraft:arrow":17,"minecraft:diamond_chestplate":1,"minecraft:cooked_cod":1,"minecraft:peony":1,"delightful:roasted_acorn":23,"minecraft:diamond_boots":1,"minecraft:hay_block":1,"minecraft:saddle":2,"minecraft:glow_berries":1,"minecraft:mutton":10,"minecraft:white_wool":5,"minecraft:lapis_ore":2,"minecraft:basalt":1,"minecraft:tripwire_hook":1,"minecraft:salmon":8,"minecraft:leather":5,"minecraft:red_mushroom":8,"minecraft:birch_planks":1,"supplementaries:urn":1,"minecraft:oak_log":123,"minecraft:chainmail_chestplate":1,"minecraft:lily_pad":1,"minecraft:cobblestone_wall":2,"minecraft:gunpowder":2,"minecraft:cooked_mutton":19,"twilightforest:raw_venison":6,"minecraft:apple":35,"minecraft:stone_bricks":1,"minecraft:kelp":10,"alexsmobs:cockroach_wing_fragment":1,"minecraft:iron_ingot":1,"minecraft:cooked_chicken":10,"minecraft:verdant_froglight":2,"minecraft:iron_sword":3,"minecraft:flowering_azalea":1,"minecraft:scaffolding":18,"quark:white_shard":4,"minecraft:pumpkin":2,"minecraft:chiseled_stone_bricks":1,"minecraft:gravel":19,"twilightforest:cracked_nagastone_pillar":1,"illagerinvasion:illusionary_dust":1,"minecraft:spider_eye":4,"alexsmobs:raw_catfish":2,"biomesoplenty:mahogany_log":24,"minecraft:coal_ore":9,"xpbook:xp_tome":2,"minecraft:stone_axe":2,"minecraft:iron_helmet":3,"minecraft:deepslate_redstone_ore":4,"minecraft:melon_seeds":2,"twilightforest:spiral_bricks":1,"minecraft:black_wool":1,"minecraft:coal":127,"minecraft:mangrove_propagule":1},"minecraft:mined":{"minecraft:oak_sapling":1,"minecraft:farmland":1,"minecraft:granite":98,"minecraft:grass_block":107,"twigs:twig":1,"minecraft:frosted_ice":2,"biomesoplenty:blackstone_bulb":1,"minecraft:cobbled_deepslate":2,"minecraft:barrel":1,"minecraft:iron_ore":73,"minecraft:fire":2,"biomesoplenty:lavender":3,"twilightforest:twilight_oak_wood":1,"minecraft:moss_carpet":2,"minecraft:deepslate_lapis_ore":8,"biomesoplenty:glowflower":2,"biomesoplenty:webbing":13,"minecraft:iron_bars":2,"minecraft:azalea":2,"blue_skies:camellia":2,"biomesoplenty:jacaranda_leaves":4,"minecraft:deepslate_redstone_ore":19,"minecraft:brown_mushroom":9,"blue_skies:crystal_flower":1,"minecraft:kelp_plant":1,"minecraft:melon_stem":1,"biomesoplenty:blackstone_spines":1,"twigs:azalea_flowers":3,"twilightforest:torchberry_plant":1,"biomesoplenty:hanging_cobweb_strand":2,"minecraft:clay":23,"minecraft:torch":20,"diagonalfences:minecraft/oak_fence":6,"minecraft:melon":47,"twilightforest:twilight_oak_log":94,"minecraft:mushroom_stem":1,"minecraft:glass":7,"minecraft:cobblestone":20,"friendsandfoes:buttercup":1,"minecraft:oak_planks":2,"minecraft:potted_oak_sapling":1,"minecraft:prismarine":1,"minecraft:iron_door":2,"minecraft:wall_torch":15,"minecraft:chain":2,"minecraft:verdant_froglight":2,"biomesoplenty:glowworm_silk_strand":1,"minecraft:birch_log":6,"minecraft:grass":434,"minecraft:oak_log":129,"minecraft:dark_oak_sapling":3,"minecraft:dirt":49,"twigs:rhyolite":27,"minecraft:red_mushroom_block":16,"twilightforest:canopy_log":71,"minecraft:netherrack":14,"minecraft:oak_leaves":18,"minecraft:deepslate":154,"minecraft:nether_gold_ore":11,"minecraft:tuff":22,"minecraft:mossy_cobblestone":2,"minecraft:deepslate_diamond_ore":12,"minecraft:dark_oak_fence":2,"biomesoplenty:bush":5,"minecraft:allium":3,"minecraft:white_stained_glass":1,"minecraft:soul_campfire":1,"farmersdelight:wild_cabbages":1,"minecraft:kelp":11,"minecraft:moss_block":17,"minecraft:red_mushroom":2,"minecraft:mangrove_propagule":1,"minecraft:hay_block":1,"farmersdelight:wild_onions":5,"minecraft:andesite":82,"blue_skies:nightcress":1,"minecraft:peony":1,"biomesoplenty:high_grass":5,"minecraft:deepslate_iron_ore":25,"minecraft:white_tulip":1,"biomesoplenty:spider_egg":1,"minecraft:stone":389,"twigs:opaline_seashell":1,"minecraft:smithing_table":1,"twigs:pebble":1,"minecraft:scaffolding":15,"minecraft:glass_pane":46,"minecraft:oak_fence":1,"twigs:roseate_seashell":2,"minecraft:rose_bush":1,"biomesoplenty:high_grass_plant":12,"minecraft:brain_coral_fan":1,"minecraft:copper_ore":16,"minecraft:tall_grass":20,"minecraft:deepslate_gold_ore":29,"minecraft:lapis_ore":15,"biomesoplenty:huge_clover_petal":4,"twilightforest:mayapple":1,"minecraft:diorite":24,"supplementaries:urn":19,"minecraft:birch_planks":1,"minecraft:coarse_dirt":2,"minecraft:cobblestone_wall":1,"biomesoplenty:mahogany_log":26,"twigs:tangerine_seashell":1,"biomesoplenty:pink_daffodil":1,"minecraft:coal_ore":139,"minecraft:cocoa":2,"minecraft:gravel":22,"biomesoplenty:stringy_cobweb":1,"quark:crimson_chest":1,"minecraft:stone_bricks":1,"minecraft:fern":106}},"DataVersion":3465}