{"stats":{"minecraft:killed_by":{"minecraft:skeleton":1,"minecraft:zombie":1,"minecraft:enderman":1},"minecraft:custom":{"minecraft:interact_with_furnace":24,"minecraft:mob_kills":34,"minecraft:interact_with_crafting_table":9,"minecraft:open_barrel":5,"minecraft:bell_ring":1,"minecraft:leave_game":1,"minecraft:time_since_death":8389,"minecraft:sleep_in_bed":3,"minecraft:climb_one_cm":2367,"minecraft:time_since_rest":7313,"minecraft:sprint_one_cm":188400,"minecraft:damage_taken":1216,"minecraft:walk_one_cm":210921,"minecraft:damage_blocked_by_shield":130,"minecraft:drop":9,"minecraft:damage_dealt":6075,"minecraft:swim_one_cm":2927,"minecraft:fly_one_cm":127997,"minecraft:open_chest":14,"minecraft:crouch_one_cm":780,"minecraft:deaths":3,"minecraft:play_time":61768,"minecraft:sneak_time":213,"minecraft:walk_under_water_one_cm":1736,"minecraft:jump":842,"minecraft:walk_on_water_one_cm":1111,"minecraft:total_world_time":61768,"minecraft:fall_one_cm":19123},"minecraft:mined":{"minecraft:light_gray_carpet":1,"minecraft:mossy_cobblestone":1,"farmersdelight:wild_carrots":10,"minecraft:crafting_table":1,"minecraft:allium":3,"minecraft:grass_block":1,"minecraft:rose_bush":1,"minecraft:campfire":1,"biomesoplenty:high_grass_plant":1,"minecraft:tall_grass":3,"farmersdelight:wild_onions":3,"minecraft:furnace":1,"minecraft:iron_ore":9,"minecraft:fire":4,"minecraft:white_carpet":1,"twigs:bronzed_seashell":1,"minecraft:grass":8,"minecraft:bookshelf":12,"minecraft:coal_ore":17,"delightful:mini_melon":1,"minecraft:stone":15,"minecraft:fern":4},"minecraft:broken":{"minecraft:stone_pickaxe":1},"minecraft:killed":{"minecraft:spider":1,"minecraft:creeper":2,"minecraft:sheep":11,"minecraft:skeleton":1,"minecraft:pillager":10,"minecraft:goat":1,"minecraft:zombie":7,"minecraft:drowned":1},"minecraft:crafted":{"minecraft:oak_planks":244,"minecraft:crafting_table":2,"comforts:sleeping_bag_white":2,"minecraft:iron_helmet":1,"minecraft:iron_sword":1,"delightful:cooked_goat":1,"minecraft:furnace":1,"minecraft:cooked_mutton":8,"minecraft:air":0,"minecraft:shield":2,"minecraft:stick":18,"quark:oak_chest":2,"minecraft:iron_ingot":6,"minecraft:torch":56},"minecraft:dropped":{"minecraft:cooked_mutton":2,"minecraft:carrot":5,"minecraft:shield":1,"comforts:sleeping_bag_white":1},"minecraft:used":{"minecraft:cooked_mutton":4,"minecraft:stone_pickaxe":45,"delightful:cooked_goat":1,"minecraft:shield":4,"minecraft:iron_sword":132,"minecraft:torch":10,"farmersdelight:onion":8,"minecraft:white_carpet":1,"minecraft:crafting_table":2,"minecraft:carrot":13,"delightful:mini_melon":1,"minecraft:apple":1,"minecraft:stone_axe":1,"twigs:bronzed_seashell":2,"minecraft:furnace":2,"quark:oak_chest":2,"comforts:sleeping_bag_white":1},"minecraft:picked_up":{"minecraft:charcoal":2,"minecraft:crafting_table":1,"minecraft:allium":9,"illagerinvasion:platinum_chunk":4,"minecraft:oak_log":39,"minecraft:gunpowder":2,"minecraft:dirt":1,"minecraft:white_carpet":1,"minecraft:bone":2,"minecraft:apple":1,"delightful:mini_melon":1,"minecraft:wheat_seeds":1,"comforts:sleeping_bag_white":1,"delightful:acorn":2,"minecraft:iron_ingot":2,"minecraft:rose_bush":1,"minecraft:light_gray_wool":1,"minecraft:iron_boots":1,"minecraft:furnace":1,"minecraft:book":36,"minecraft:raw_iron":8,"delightful:raw_goat":1,"twigs:bronzed_seashell":1,"minecraft:carrot":10,"minecraft:mossy_cobblestone":1,"minecraft:arrow":11,"minecraft:rotten_flesh":3,"farmersdelight:onion":3,"minecraft:crossbow":1,"minecraft:gray_wool":1,"minecraft:emerald":9,"minecraft:oak_sapling":4,"minecraft:light_gray_carpet":1,"minecraft:mutton":15,"minecraft:coal":47,"minecraft:white_wool":9,"minecraft:cobblestone":14}},"DataVersion":3465}