{"stats":{"minecraft:killed_by":{"minecraft:skeleton":1},"minecraft:custom":{"minecraft:time_since_rest":7410,"minecraft:interact_with_furnace":4,"minecraft:sprint_one_cm":60858,"minecraft:damage_taken":380,"minecraft:walk_one_cm":69591,"minecraft:damage_blocked_by_shield":40,"minecraft:mob_kills":6,"minecraft:drop":1,"minecraft:damage_dealt":1434,"minecraft:swim_one_cm":2016,"minecraft:interact_with_crafting_table":3,"minecraft:fly_one_cm":72122,"minecraft:open_barrel":4,"minecraft:open_chest":10,"minecraft:crouch_one_cm":780,"minecraft:play_time":25768,"minecraft:deaths":1,"minecraft:sneak_time":203,"minecraft:walk_under_water_one_cm":1132,"minecraft:jump":482,"minecraft:leave_game":1,"minecraft:walk_on_water_one_cm":611,"minecraft:time_since_death":12749,"minecraft:sleep_in_bed":1,"minecraft:climb_one_cm":1608,"minecraft:total_world_time":25768,"minecraft:fall_one_cm":10250},"minecraft:mined":{"farmersdelight:wild_onions":3,"minecraft:mossy_cobblestone":1,"minecraft:white_carpet":1,"minecraft:allium":3,"minecraft:grass_block":1,"minecraft:coal_ore":14,"delightful:mini_melon":1,"biomesoplenty:high_grass_plant":1,"minecraft:stone":3},"minecraft:killed":{"minecraft:zombie":3,"minecraft:spider":1,"minecraft:creeper":2},"minecraft:crafted":{"minecraft:oak_planks":88,"minecraft:shield":2,"minecraft:stick":18,"minecraft:iron_ingot":1,"minecraft:iron_sword":1,"delightful:cooked_goat":1,"minecraft:torch":56,"minecraft:air":0},"minecraft:dropped":{"minecraft:shield":1},"minecraft:used":{"minecraft:stone_pickaxe":18,"delightful:cooked_goat":1,"minecraft:shield":1,"minecraft:iron_sword":27,"farmersdelight:onion":8,"minecraft:stone_axe":1,"minecraft:white_carpet":1,"delightful:mini_melon":1},"minecraft:picked_up":{"minecraft:allium":9,"minecraft:gunpowder":2,"minecraft:dirt":1,"minecraft:mossy_cobblestone":1,"minecraft:white_carpet":1,"minecraft:rotten_flesh":3,"delightful:mini_melon":1,"farmersdelight:onion":3,"minecraft:coal":14,"minecraft:cobblestone":2}},"DataVersion":3465}