{"stats":{"minecraft:custom":{"minecraft:interact_with_crafting_table":40,"minecraft:open_barrel":24,"goblintraders:trade_with_goblin":7,"minecraft:bell_ring":1,"minecraft:leave_game":3,"minecraft:time_since_death":233846,"minecraft:sprint_one_cm":854492,"minecraft:damage_blocked_by_shield":670,"minecraft:drop":79,"minecraft:talked_to_villager":19,"minecraft:play_time":320976,"minecraft:deaths":15,"minecraft:interact_with_brewingstand":1,"minecraft:jump":2561,"minecraft:walk_on_water_one_cm":31917,"minecraft:interact_with_furnace":37,"minecraft:sleep_in_bed":13,"minecraft:waystone_activated":1,"minecraft:damage_dealt":21003,"minecraft:crouch_one_cm":19028,"minecraft:mob_kills":108,"minecraft:climb_one_cm":37018,"minecraft:walk_one_cm":1096806,"minecraft:sneak_time":6607,"minecraft:walk_under_water_one_cm":18767,"minecraft:total_world_time":320976,"minecraft:pot_flower":1,"minecraft:time_since_rest":2452,"minecraft:damage_taken":7107,"twilightforest:life_charms_activated":1,"minecraft:swim_one_cm":33211,"minecraft:fly_one_cm":340877,"minecraft:open_chest":189,"minecraft:fall_one_cm":43765},"minecraft:picked_up":{"illagerinvasion:platinum_chunk":8,"minecraft:flower_pot":2,"minecraft:lead":1,"biomesoplenty:violet":1,"spawnersplus:spawner_fragment":1,"biomesoplenty:rainbow_birch_sapling":2,"minecraft:string":28,"minecraft:gold_nugget":4,"minecraft:cobbled_deepslate":31,"comforts:sleeping_bag_white":5,"delightful:acorn":14,"minecraft:white_tulip":1,"minecraft:rose_bush":7,"minecraft:iron_pickaxe":1,"minecraft:melon_slice":62,"delightful:green_tea_leaf":7,"minecraft:furnace":2,"minecraft:iron_boots":1,"minecraft:stick":16,"minecraft:torch":26,"twigs:bamboo_leaves":31,"minecraft:diorite":1,"minecraft:rotten_flesh":25,"biomesoplenty:mahogany_sapling":3,"farmersdelight:onion":3,"supplementaries:antique_ink":3,"supplementaries:ash":8,"minecraft:obsidian":14,"minecraft:iron_bars":1,"alexsmobs:flying_fish":3,"minecraft:cobblestone":151,"minecraft:birch_log":5,"minecraft:enchanting_table":1,"minecraft:lilac":1,"farmersdelight:onion_crate":1,"minecraft:feather":2,"minecraft:birch_slab":8,"minecraft:andesite":10,"minecraft:dark_oak_boat":1,"minecraft:tuff":11,"minecraft:lapis_lazuli":18,"minecraft:dirt":279,"minecraft:name_tag":1,"minecraft:bone":17,"minecraft:bow":3,"delightful:mini_melon":1,"minecraft:wheat_seeds":23,"minecraft:glowstone_dust":53,"minecraft:bamboo":129,"twigs:twig":46,"minecraft:oak_planks":6,"biomesoplenty:mahogany_planks":2,"minecraft:jungle_planks":6,"minecraft:sand":2,"minecraft:dark_oak_log":502,"minecraft:mossy_cobblestone":1,"minecraft:yellow_carpet":3,"minecraft:diamond":17,"dragonmounts:dragon_egg":2,"minecraft:crossbow":2,"minecraft:granite":2,"minecraft:emerald":23,"minecraft:light_gray_carpet":1,"biomesoplenty:pink_daffodil":1,"minecraft:oak_sapling":28,"twigs:rhyolite":14,"minecraft:netherrack":115,"quark:crimson_chest":2,"minecraft:charcoal":2,"minecraft:crafting_table":6,"minecraft:coarse_dirt":5,"minecraft:allium":11,"minecraft:ladder":5,"minecraft:brown_mushroom":15,"friendsandfoes:totem_of_illusion":2,"minecraft:yellow_candle":4,"minecraft:cornflower":1,"minecraft:iron_axe":2,"minecraft:white_carpet":1,"minecraft:blue_orchid":1,"minecraft:iron_nugget":6,"minecraft:poppy":1,"minecraft:light_gray_wool":1,"minecraft:chest":4,"minecraft:dark_oak_sapling":52,"minecraft:raw_iron":44,"delightful:raw_goat":1,"minecraft:copper_ingot":19,"alexsmobs:straddlite":1,"minecraft:carrot":10,"minecraft:redstone":63,"storagenetwork:inventory":2,"minecraft:arrow":35,"minecraft:decorated_pot":1,"minecraft:peony":2,"minecraft:saddle":1,"minecraft:mutton":15,"minecraft:white_wool":9,"minecraft:basalt":7,"minecraft:glow_ink_sac":1,"minecraft:red_mushroom":25,"minecraft:birch_planks":2,"minecraft:oak_log":87,"minecraft:golden_boots":1,"minecraft:cobblestone_wall":2,"minecraft:gunpowder":4,"minecraft:cobblestone_stairs":24,"storagenetwork:import_kabel":1,"minecraft:white_banner":1,"minecraft:red_carpet":12,"minecraft:apple":11,"minecraft:iron_ingot":22,"minecraft:glass_bottle":1,"minecraft:iron_sword":1,"minecraft:dark_oak_stairs":1,"minecraft:book":87,"minecraft:scaffolding":9,"minecraft:oak_slab":7,"minecraft:quartz":15,"twigs:bronzed_seashell":1,"minecraft:birch_stairs":1,"minecraft:white_bed":2,"quark:oak_chest":5,"minecraft:spider_eye":1,"biomesoplenty:mahogany_log":24,"minecraft:gray_wool":1,"storagenetwork:kabel":1,"minecraft:coal":97},"minecraft:killed":{"illagerinvasion:archivist":1,"minecraft:cave_spider":5,"minecraft:spider":2,"illagerinvasion:basher":1,"minecraft:skeleton":15,"friendsandfoes:glare":1,"alexsmobs:straddler":3,"dragonmounts:dragon":1,"minecraft:piglin":2,"minecraft:salmon":2,"illagerinvasion:alchemist":1,"minecraft:creeper":3,"minecraft:sheep":11,"minecraft:pillager":17,"minecraft:goat":1,"minecraft:zombie":30,"minecraft:vindicator":5,"quark:toretoise":1,"minecraft:drowned":2,"minecraft:bat":1,"minecraft:wither_skeleton":1},"minecraft:used":{"minecraft:peony":2,"farmersdelight:onion_crate":1,"minecraft:iron_shovel":255,"delightful:cooked_goat":1,"minecraft:shield":18,"minecraft:decorated_pot":1,"minecraft:chest":4,"minecraft:iron_sword":457,"minecraft:carrot":13,"minecraft:allium":1,"minecraft:tuff":27,"minecraft:obsidian":10,"minecraft:lava_bucket":1,"minecraft:scaffolding":36,"minecraft:furnace":4,"storagenetwork:storage_kabel":6,"minecraft:diorite":2,"minecraft:stone_pickaxe":45,"minecraft:oak_planks":5,"biomesoplenty:rainbow_birch_sapling":1,"minecraft:melon_slice":81,"minecraft:bread":24,"minecraft:lilac":1,"storagenetwork:import_kabel":1,"minecraft:coarse_dirt":6,"minecraft:experience_bottle":5,"biomesoplenty:mahogany_planks":4,"minecraft:rose_bush":6,"minecraft:enchanting_table":2,"minecraft:white_tulip":1,"minecraft:flint_and_steel":2,"storagenetwork:kabel":7,"minecraft:netherrack":129,"minecraft:torch":143,"minecraft:dirt":275,"minecraft:white_carpet":1,"twigs:rhyolite":45,"dragonmounts:dragon_egg":1,"minecraft:bookshelf":21,"minecraft:iron_axe":826,"storagenetwork:master":1,"minecraft:glowstone":11,"minecraft:goat_horn":3,"comforts:sleeping_bag_white":5,"minecraft:cooked_beef":4,"minecraft:cobbled_deepslate":65,"minecraft:cooked_mutton":6,"minecraft:water_bucket":4,"storagenetwork:inventory":3,"minecraft:birch_planks":16,"minecraft:baked_potato":4,"farmersdelight:onion":8,"minecraft:oak_slab":1,"minecraft:crafting_table":10,"minecraft:white_bed":2,"delightful:mini_melon":1,"minecraft:flower_pot":1,"minecraft:diamond_pickaxe":371,"minecraft:cornflower":1,"minecraft:apple":1,"minecraft:iron_pickaxe":154,"minecraft:stone_axe":1,"twigs:bronzed_seashell":2,"minecraft:cobblestone":124,"minecraft:bucket":5,"quark:oak_chest":13},"minecraft:killed_by":{"minecraft:pillager":1,"minecraft:vindicator":11,"minecraft:zombie":1,"minecraft:enderman":1,"minecraft:skeleton":1},"minecraft:broken":{"minecraft:iron_shovel":1,"minecraft:stone_pickaxe":1,"minecraft:iron_axe":3},"minecraft:dropped":{"minecraft:iron_sword":3,"minecraft:diamond":1,"minecraft:crafting_table":1,"minecraft:crossbow":1,"minecraft:jungle_planks":2,"minecraft:saddle":1,"friendsandfoes:totem_of_illusion":2,"minecraft:emerald":2,"minecraft:dark_oak_log":1,"minecraft:dark_oak_fence":2,"farmersdelight:onion":22,"minecraft:iron_pickaxe":2,"minecraft:bone":1,"minecraft:stone_axe":1,"minecraft:iron_nugget":5,"minecraft:cobbled_deepslate":4,"minecraft:light_gray_carpet":1,"minecraft:cooked_mutton":8,"minecraft:carrot":5,"minecraft:poppy":1,"supplementaries:flax_seeds":20,"comforts:sleeping_bag_white":1,"minecraft:wheat_seeds":10,"minecraft:cobblestone":5,"minecraft:iron_helmet":1,"dragonmounts:dragon_egg":2,"minecraft:granite":2,"illagerinvasion:platinum_chunk":2,"minecraft:diorite":1,"minecraft:torch":71,"minecraft:rose_bush":1,"minecraft:iron_leggings":1,"minecraft:iron_axe":1,"twigs:rhyolite":14,"dragonmounts:spawn_egg":1,"minecraft:iron_boots":1,"minecraft:name_tag":1,"minecraft:flint_and_steel":1,"minecraft:shield":2,"minecraft:iron_chestplate":1,"minecraft:andesite":10,"minecraft:oak_sapling":1},"minecraft:mined":{"minecraft:large_amethyst_bud":2,"minecraft:white_bed":2,"minecraft:cobblestone_stairs":24,"minecraft:potted_blue_orchid":1,"minecraft:obsidian":14,"minecraft:granite":1,"minecraft:grass_block":232,"minecraft:yellow_carpet":3,"twigs:twig":1,"minecraft:spawner":1,"minecraft:glowstone":19,"minecraft:fire":5,"minecraft:iron_ore":36,"minecraft:cobbled_deepslate":1,"minecraft:enchanting_table":1,"minecraft:dark_oak_stairs":1,"biomesoplenty:hanging_cobweb":3,"biomesoplenty:webbing":7,"minecraft:small_amethyst_bud":2,"minecraft:iron_bars":2,"minecraft:deepslate_redstone_ore":15,"minecraft:medium_amethyst_bud":1,"storagenetwork:inventory":2,"biomesoplenty:hanging_cobweb_strand":2,"minecraft:torch":2,"delightful:pumpkin_pie":1,"minecraft:melon":11,"minecraft:chest":4,"minecraft:mushroom_stem":13,"minecraft:nether_quartz_ore":15,"minecraft:cobblestone":20,"minecraft:sugar_cane":1,"minecraft:oak_planks":6,"minecraft:wall_torch":2,"storagenetwork:import_kabel":1,"minecraft:birch_log":5,"minecraft:lilac":1,"minecraft:potted_poppy":1,"minecraft:grass":84,"minecraft:oak_log":51,"delightful:mini_melon":1,"minecraft:dirt":34,"minecraft:sand":2,"twigs:rhyolite":25,"minecraft:red_mushroom_block":29,"minecraft:netherrack":116,"minecraft:deepslate":34,"minecraft:tuff":19,"minecraft:red_carpet":12,"minecraft:mossy_cobblestone":1,"minecraft:deepslate_diamond_ore":17,"farmersdelight:wild_carrots":10,"minecraft:dark_oak_log":539,"minecraft:ladder":5,"minecraft:allium":4,"minecraft:yellow_candle":1,"minecraft:decorated_pot":1,"minecraft:jungle_planks":5,"minecraft:brown_mushroom_block":90,"minecraft:birch_slab":8,"minecraft:large_fern":1,"farmersdelight:wild_onions":3,"minecraft:furnace":2,"minecraft:andesite":10,"twigs:bronzed_seashell":1,"minecraft:peony":2,"minecraft:bookshelf":29,"minecraft:deepslate_iron_ore":8,"minecraft:vine":4,"minecraft:bamboo":12,"minecraft:white_tulip":1,"biomesoplenty:spider_egg":2,"minecraft:stone":132,"minecraft:oak_slab":7,"minecraft:birch_stairs":1,"minecraft:light_gray_carpet":1,"minecraft:scaffolding":11,"minecraft:glass_pane":2,"quark:oak_chest":5,"minecraft:crafting_table":5,"minecraft:cornflower":1,"biomesoplenty:mahogany_planks":2,"minecraft:rose_bush":7,"minecraft:campfire":1,"biomesoplenty:high_grass_plant":1,"farmersdelight:onion_crate":2,"minecraft:tall_grass":15,"minecraft:lapis_ore":3,"dragonmounts:dragon_egg":1,"minecraft:diorite":1,"supplementaries:urn":10,"minecraft:birch_planks":2,"minecraft:coarse_dirt":5,"minecraft:cobblestone_wall":3,"minecraft:white_carpet":1,"minecraft:coal_ore":39,"biomesoplenty:stringy_cobweb":3,"minecraft:cobweb":25,"quark:crimson_chest":2,"storagenetwork:kabel":1,"minecraft:fern":29},"minecraft:crafted":{"minecraft:oak_planks":340,"delightful:cooked_goat":1,"minecraft:stone":58,"minecraft:bookshelf":21,"minecraft:cooked_mutton":8,"minecraft:hopper":1,"minecraft:dropper":1,"storagenetwork:kabel":32,"minecraft:crafting_table":5,"minecraft:baked_potato":28,"minecraft:iron_helmet":1,"storagenetwork:master":1,"minecraft:birch_planks":24,"minecraft:iron_chestplate":2,"minecraft:diamond_pickaxe":1,"minecraft:shield":2,"minecraft:stick":238,"minecraft:stone_slab":54,"quark:oak_chest":12,"minecraft:iron_ingot":21,"minecraft:iron_pickaxe":2,"minecraft:iron_nugget":9,"biomesoplenty:mahogany_planks":96,"comforts:sleeping_bag_white":2,"minecraft:furnace":3,"minecraft:scaffolding":54,"minecraft:iron_axe":4,"minecraft:cooked_beef":6,"minecraft:enchanting_table":1,"minecraft:iron_sword":3,"minecraft:bucket":1,"minecraft:glowstone":13,"minecraft:air":0,"storagenetwork:inventory":1,"minecraft:iron_shovel":1,"minecraft:iron_leggings":1,"storagenetwork:import_kabel":4,"storagenetwork:storage_kabel":12,"minecraft:torch":196}},"DataVersion":3465}