{"stats":{"minecraft:mined":{"minecraft:large_amethyst_bud":2,"minecraft:white_bed":2,"minecraft:cobblestone_stairs":25,"minecraft:potted_blue_orchid":1,"minecraft:obsidian":14,"minecraft:granite":1,"minecraft:grass_block":481,"minecraft:yellow_carpet":3,"twigs:twig":2,"minecraft:spawner":1,"minecraft:chiseled_stone_bricks":6,"minecraft:glowstone":19,"minecraft:cobbled_deepslate":1,"minecraft:iron_ore":55,"minecraft:sticky_piston":1,"minecraft:fire":5,"minecraft:deepslate_lapis_ore":12,"minecraft:enchanting_table":1,"minecraft:dark_oak_stairs":1,"biomesoplenty:hanging_cobweb":3,"biomesoplenty:webbing":7,"minecraft:small_amethyst_bud":2,"minecraft:iron_bars":2,"minecraft:azalea_leaves":1,"minecraft:azalea":1,"minecraft:piston_head":3,"minecraft:deepslate_redstone_ore":19,"minecraft:medium_amethyst_bud":1,"storagenetwork:inventory":2,"biomesoplenty:hanging_cobweb_strand":2,"minecraft:clay":56,"minecraft:torch":4,"delightful:pumpkin_pie":1,"minecraft:melon":11,"minecraft:chest":4,"supplementaries:wild_flax":2,"minecraft:mushroom_stem":13,"minecraft:nether_quartz_ore":15,"minecraft:cobblestone":21,"minecraft:oak_planks":6,"minecraft:sugar_cane":1,"minecraft:wall_torch":3,"minecraft:deepslate_copper_ore":8,"storagenetwork:import_kabel":1,"minecraft:birch_log":5,"minecraft:wheat":7,"minecraft:lilac":1,"minecraft:jukebox":1,"minecraft:potted_poppy":1,"minecraft:grass":119,"minecraft:oak_log":63,"delightful:mini_melon":1,"minecraft:dirt":226,"minecraft:sand":5,"twigs:rhyolite":41,"minecraft:red_mushroom_block":29,"minecraft:netherrack":116,"minecraft:deepslate":78,"minecraft:red_carpet":12,"minecraft:tuff":34,"minecraft:mossy_cobblestone":1,"minecraft:deepslate_diamond_ore":19,"farmersdelight:wild_carrots":10,"minecraft:dark_oak_log":1194,"minecraft:ladder":5,"minecraft:allium":4,"minecraft:yellow_candle":1,"minecraft:decorated_pot":1,"minecraft:jungle_planks":5,"minecraft:redstone_wire":1,"minecraft:brown_mushroom_block":90,"grassoverhaul:dirt_sod_slab":8,"minecraft:birch_slab":8,"minecraft:moss_block":4,"minecraft:red_mushroom":1,"minecraft:large_fern":1,"farmersdelight:wild_onions":3,"minecraft:redstone_ore":3,"minecraft:furnace":3,"minecraft:andesite":10,"twigs:bronzed_seashell":1,"minecraft:peony":2,"minecraft:bookshelf":29,"farmersdelight:rope":1,"minecraft:deepslate_iron_ore":18,"minecraft:cobblestone_slab":1,"minecraft:vine":4,"minecraft:bamboo":12,"minecraft:white_tulip":1,"biomesoplenty:spider_egg":2,"minecraft:stone":290,"minecraft:oak_slab":7,"minecraft:birch_stairs":1,"minecraft:light_gray_carpet":1,"minecraft:scaffolding":11,"minecraft:glass_pane":2,"quark:oak_chest":5,"minecraft:crafting_table":5,"minecraft:cornflower":1,"biomesoplenty:mahogany_planks":2,"minecraft:rose_bush":7,"minecraft:campfire":1,"farmersdelight:onion_crate":2,"minecraft:stone_slab":1,"biomesoplenty:high_grass_plant":1,"minecraft:tall_grass":19,"minecraft:copper_ore":1,"minecraft:deepslate_coal_ore":2,"minecraft:deepslate_gold_ore":1,"minecraft:lapis_ore":5,"dragonmounts:dragon_egg":1,"minecraft:diorite":1,"supplementaries:urn":23,"minecraft:birch_planks":2,"farmersdelight:skillet":2,"minecraft:coarse_dirt":5,"minecraft:cobblestone_wall":3,"minecraft:white_carpet":1,"minecraft:coal_ore":45,"minecraft:gravel":1,"minecraft:gray_carpet":2,"biomesoplenty:stringy_cobweb":3,"minecraft:cobweb":26,"quark:crimson_chest":2,"minecraft:stone_bricks":2,"storagenetwork:kabel":1,"minecraft:fern":36},"minecraft:broken":{"minecraft:iron_shovel":1,"minecraft:stone_pickaxe":1,"minecraft:bow":1,"minecraft:stone_shovel":1,"minecraft:iron_axe":3},"minecraft:killed":{"illagerinvasion:archivist":2,"minecraft:cave_spider":5,"minecraft:zombified_piglin":2,"minecraft:spider":5,"quark:forgotten":1,"illagerinvasion:basher":2,"minecraft:skeleton":23,"friendsandfoes:glare":1,"illagerinvasion:provoker":2,"alexsmobs:straddler":3,"dragonmounts:dragon":1,"minecraft:piglin":2,"minecraft:salmon":6,"illagerinvasion:alchemist":1,"minecraft:creeper":5,"minecraft:sheep":11,"minecraft:pillager":17,"minecraft:goat":1,"minecraft:zombie":55,"minecraft:evoker":1,"minecraft:vindicator":8,"quark:toretoise":1,"minecraft:slime":4,"minecraft:drowned":2,"minecraft:bat":1,"minecraft:wither_skeleton":1},"minecraft:used":{"minecraft:peony":2,"farmersdelight:onion_crate":1,"minecraft:iron_shovel":255,"delightful:cooked_goat":1,"farmersdelight:stove":2,"minecraft:chest":4,"minecraft:decorated_pot":1,"minecraft:shield":24,"minecraft:stone":1,"minecraft:iron_sword":457,"minecraft:carrot":15,"minecraft:allium":1,"minecraft:axolotl_bucket":3,"minecraft:tuff":27,"minecraft:music_disc_13":1,"minecraft:obsidian":10,"minecraft:lava_bucket":1,"minecraft:bow":2,"farmersdelight:cutting_board":1,"minecraft:scaffolding":36,"minecraft:furnace":7,"storagenetwork:storage_kabel":6,"minecraft:diorite":2,"minecraft:stone_pickaxe":45,"minecraft:oak_planks":5,"minecraft:diamond_axe":555,"biomesoplenty:rainbow_birch_sapling":1,"grassoverhaul:dirt_sod_slab":1492,"minecraft:bread":24,"minecraft:melon_slice":87,"minecraft:lilac":1,"minecraft:diamond_sword":171,"storagenetwork:import_kabel":1,"minecraft:coarse_dirt":6,"minecraft:experience_bottle":5,"biomesoplenty:mahogany_planks":4,"minecraft:rose_bush":6,"minecraft:enchanting_table":2,"minecraft:flint_and_steel":2,"minecraft:white_tulip":1,"minecraft:stone_shovel":134,"storagenetwork:kabel":7,"minecraft:netherrack":129,"minecraft:torch":359,"minecraft:dirt":280,"minecraft:anvil":1,"minecraft:white_carpet":1,"twigs:rhyolite":45,"farmersdelight:rope":1,"delightful:roasted_acorn":8,"dragonmounts:dragon_egg":1,"farmersdelight:oak_cabinet":2,"minecraft:bookshelf":21,"minecraft:iron_axe":826,"storagenetwork:master":1,"minecraft:glowstone":11,"minecraft:goat_horn":3,"farmersdelight:cooking_pot":1,"comforts:sleeping_bag_white":7,"minecraft:cooked_beef":6,"minecraft:cobbled_deepslate":66,"minecraft:cooked_mutton":6,"minecraft:water_bucket":7,"storagenetwork:inventory":3,"farmersdelight:skillet":3,"minecraft:birch_planks":16,"minecraft:baked_potato":22,"minecraft:cobblestone_slab":121,"farmersdelight:onion":8,"minecraft:oak_slab":1,"minecraft:crafting_table":12,"minecraft:white_bed":2,"delightful:mini_melon":1,"minecraft:dark_oak_door":2,"minecraft:flower_pot":1,"minecraft:diamond_pickaxe":700,"minecraft:cornflower":1,"minecraft:apple":1,"minecraft:diamond_shovel":391,"minecraft:iron_pickaxe":154,"minecraft:stone_slab":91,"minecraft:stone_axe":129,"twigs:bronzed_seashell":2,"minecraft:cobblestone":158,"minecraft:cobbled_deepslate_slab":54,"minecraft:bucket":15,"quark:oak_chest":13,"minecraft:jukebox":1},"minecraft:crafted":{"minecraft:brick":64,"minecraft:oak_planks":340,"minecraft:cobblestone_slab":120,"delightful:cooked_goat":1,"minecraft:stone":58,"minecraft:bookshelf":21,"minecraft:cooked_mutton":8,"minecraft:dark_oak_door":3,"minecraft:hopper":1,"minecraft:bricks":11,"farmersdelight:stove":2,"minecraft:dropper":1,"minecraft:oak_slab":12,"storagenetwork:kabel":32,"minecraft:wooden_shovel":1,"minecraft:crafting_table":7,"farmersdelight:iron_knife":1,"minecraft:iron_helmet":1,"minecraft:baked_potato":28,"storagenetwork:master":1,"minecraft:birch_planks":24,"minecraft:campfire":2,"farmersdelight:skillet":1,"farmersdelight:cutting_board":1,"minecraft:iron_chestplate":2,"minecraft:charcoal":29,"minecraft:diamond_pickaxe":2,"minecraft:shield":2,"minecraft:stick":258,"minecraft:stone_slab":114,"quark:oak_chest":12,"minecraft:iron_ingot":79,"minecraft:iron_pickaxe":2,"minecraft:iron_block":3,"minecraft:cobbled_deepslate_slab":54,"minecraft:stone_shovel":1,"minecraft:iron_nugget":9,"biomesoplenty:mahogany_planks":96,"comforts:sleeping_bag_white":2,"minecraft:furnace":5,"minecraft:oak_trapdoor":4,"minecraft:scaffolding":54,"minecraft:iron_axe":4,"backpacked:backpack":1,"minecraft:dark_oak_planks":16,"minecraft:cooked_beef":6,"minecraft:enchanting_table":1,"minecraft:iron_sword":3,"farmersdelight:cooking_pot":1,"minecraft:bucket":5,"minecraft:stone_axe":1,"minecraft:glowstone":13,"grassoverhaul:dirt_sod_slab":444,"minecraft:air":0,"storagenetwork:inventory":1,"minecraft:iron_shovel":1,"minecraft:iron_leggings":1,"minecraft:anvil":1,"storagenetwork:import_kabel":4,"storagenetwork:storage_kabel":12,"minecraft:torch":280,"farmersdelight:oak_cabinet":2},"minecraft:picked_up":{"minecraft:wheat":1,"illagerinvasion:platinum_chunk":8,"minecraft:flower_pot":2,"minecraft:lead":1,"minecraft:stone_slab":1,"biomesoplenty:violet":1,"spawnersplus:spawner_fragment":1,"biomesoplenty:rainbow_birch_sapling":2,"minecraft:string":33,"minecraft:raw_copper":95,"minecraft:sticky_piston":4,"minecraft:zombie_head":2,"minecraft:gold_nugget":7,"minecraft:cobbled_deepslate":78,"twigs:pebble":1,"comforts:sleeping_bag_white":7,"delightful:acorn":27,"minecraft:white_tulip":1,"minecraft:rose_bush":7,"minecraft:cobblestone_slab":1,"minecraft:azalea":3,"minecraft:iron_pickaxe":1,"minecraft:melon_slice":62,"delightful:green_tea_leaf":12,"minecraft:iron_boots":1,"minecraft:furnace":3,"minecraft:dark_oak_door":2,"minecraft:stick":16,"minecraft:jukebox":1,"minecraft:big_dripleaf":4,"minecraft:torch":59,"twigs:bamboo_leaves":31,"minecraft:diorite":1,"minecraft:rotten_flesh":74,"minecraft:tropical_fish":1,"biomesoplenty:mahogany_sapling":3,"farmersdelight:onion":3,"aether:chainmail_gloves":1,"supplementaries:antique_ink":3,"farmersdelight:rope":1,"supplementaries:ash":37,"minecraft:obsidian":14,"minecraft:iron_bars":1,"alexsmobs:flying_fish":3,"minecraft:cobblestone":315,"minecraft:birch_log":5,"minecraft:enchanting_table":1,"minecraft:feather":2,"farmersdelight:onion_crate":1,"minecraft:lilac":1,"minecraft:birch_slab":8,"minecraft:andesite":11,"minecraft:dark_oak_boat":1,"minecraft:tuff":26,"supplementaries:flax_seeds":5,"minecraft:lapis_lazuli":227,"minecraft:dirt":715,"minecraft:name_tag":1,"minecraft:bone":68,"farmersdelight:iron_knife":1,"minecraft:bow":5,"delightful:mini_melon":1,"minecraft:wheat_seeds":50,"minecraft:raw_gold":1,"minecraft:glowstone_dust":53,"minecraft:bamboo":129,"minecraft:moss_block":29,"twigs:twig":76,"minecraft:oak_planks":6,"biomesoplenty:mahogany_planks":2,"minecraft:music_disc_13":1,"minecraft:jungle_planks":6,"minecraft:sand":5,"minecraft:dark_oak_log":1144,"minecraft:mossy_cobblestone":1,"minecraft:yellow_carpet":3,"minecraft:clay":4,"minecraft:diamond":23,"dragonmounts:dragon_egg":2,"minecraft:crossbow":2,"minecraft:granite":2,"minecraft:bone_meal":3,"minecraft:emerald":30,"twigs:rhyolite":30,"biomesoplenty:pink_daffodil":1,"minecraft:oak_sapling":39,"minecraft:light_gray_carpet":1,"minecraft:netherrack":115,"quark:crimson_chest":2,"twigs:petrified_lichen":1,"minecraft:charcoal":2,"minecraft:coarse_dirt":5,"minecraft:crafting_table":6,"minecraft:allium":11,"minecraft:ladder":5,"minecraft:clay_ball":246,"minecraft:brown_mushroom":15,"friendsandfoes:totem_of_illusion":2,"minecraft:yellow_candle":4,"minecraft:cornflower":1,"minecraft:moss_carpet":13,"minecraft:iron_axe":2,"minecraft:white_carpet":1,"minecraft:blue_orchid":1,"farmersdelight:beef_patty":1,"minecraft:iron_nugget":12,"minecraft:poppy":1,"minecraft:light_gray_wool":1,"minecraft:chest":4,"minecraft:dark_oak_sapling":108,"minecraft:stone":8,"minecraft:raw_iron":102,"delightful:raw_goat":1,"minecraft:copper_ingot":19,"alexsmobs:straddlite":1,"minecraft:carrot":12,"minecraft:redstone":106,"storagenetwork:inventory":2,"minecraft:arrow":68,"minecraft:decorated_pot":1,"minecraft:peony":2,"delightful:roasted_acorn":28,"minecraft:saddle":1,"minecraft:totem_of_undying":1,"minecraft:glow_berries":1,"minecraft:mutton":15,"minecraft:white_wool":9,"minecraft:basalt":7,"minecraft:glow_ink_sac":1,"minecraft:salmon":3,"minecraft:red_mushroom":26,"minecraft:birch_planks":2,"minecraft:oak_log":99,"farmersdelight:salmon_slice":6,"minecraft:golden_boots":1,"minecraft:gunpowder":8,"minecraft:cobblestone_wall":2,"minecraft:cobblestone_stairs":25,"farmersdelight:skillet":2,"storagenetwork:import_kabel":1,"minecraft:paper":1,"minecraft:white_banner":1,"quark:forgotten_hat":1,"minecraft:red_carpet":12,"minecraft:gray_carpet":2,"minecraft:apple":16,"minecraft:stone_bricks":2,"grassoverhaul:dirt_sod_slab":8,"minecraft:iron_ingot":23,"minecraft:glass_bottle":1,"minecraft:flowering_azalea":3,"minecraft:iron_sword":1,"minecraft:dark_oak_stairs":1,"minecraft:book":87,"minecraft:scaffolding":9,"minecraft:oak_slab":7,"minecraft:chiseled_stone_bricks":6,"minecraft:quartz":15,"minecraft:gravel":1,"minecraft:birch_stairs":1,"twigs:bronzed_seashell":1,"minecraft:white_bed":2,"quark:oak_chest":5,"minecraft:spider_eye":5,"biomesoplenty:mahogany_log":24,"minecraft:slime_ball":6,"minecraft:deepslate_redstone_ore":4,"minecraft:gray_wool":1,"farmersdelight:cooked_salmon_slice":6,"storagenetwork:kabel":1,"minecraft:coal":105},"minecraft:custom":{"minecraft:interact_with_crafting_table":70,"minecraft:open_barrel":25,"goblintraders:trade_with_goblin":7,"minecraft:bell_ring":1,"minecraft:leave_game":8,"minecraft:time_since_death":8125,"minecraft:sprint_one_cm":1301630,"minecraft:damage_blocked_by_shield":750,"minecraft:drop":122,"minecraft:talked_to_villager":19,"minecraft:play_time":525272,"minecraft:deaths":24,"minecraft:interact_with_brewingstand":1,"minecraft:jump":3824,"minecraft:walk_on_water_one_cm":140513,"minecraft:enchant_item":8,"minecraft:interact_with_furnace":84,"minecraft:play_record":1,"minecraft:sleep_in_bed":18,"minecraft:waystone_activated":1,"minecraft:damage_dealt":31268,"minecraft:crouch_one_cm":32710,"minecraft:interact_with_anvil":1,"minecraft:mob_kills":166,"minecraft:climb_one_cm":65372,"minecraft:walk_one_cm":1536745,"minecraft:sneak_time":13088,"minecraft:walk_under_water_one_cm":130216,"minecraft:total_world_time":525272,"minecraft:pot_flower":1,"minecraft:time_since_rest":8166,"minecraft:damage_taken":10403,"twilightforest:life_charms_activated":1,"minecraft:swim_one_cm":56711,"minecraft:fly_one_cm":3592549,"minecraft:open_chest":206,"minecraft:fall_one_cm":54457},"minecraft:killed_by":{"minecraft:creeper":1,"minecraft:pillager":1,"quark:forgotten":1,"alexsmobs:murmur_head":1,"minecraft:vindicator":15,"minecraft:zombie":1,"alexsmobs:grizzly_bear":1,"minecraft:enderman":1,"minecraft:skeleton":2},"minecraft:dropped":{"minecraft:iron_sword":3,"minecraft:lapis_lazuli":39,"minecraft:diamond":1,"minecraft:crafting_table":1,"minecraft:crossbow":1,"minecraft:jungle_planks":2,"minecraft:saddle":1,"farmersdelight:beef_patty":1,"minecraft:emerald":2,"friendsandfoes:totem_of_illusion":2,"minecraft:dark_oak_log":1,"minecraft:dark_oak_fence":2,"farmersdelight:onion":22,"minecraft:iron_pickaxe":2,"minecraft:fishing_rod":1,"minecraft:bone":1,"minecraft:stone_axe":1,"minecraft:iron_nugget":5,"minecraft:cobbled_deepslate":4,"delightful:roasted_acorn":13,"minecraft:light_gray_carpet":1,"minecraft:cooked_mutton":8,"minecraft:carrot":5,"minecraft:poppy":1,"supplementaries:flax_seeds":20,"comforts:sleeping_bag_white":1,"farmersdelight:tomato_seeds":8,"minecraft:wheat_seeds":10,"dragonmounts:dragon_egg":2,"minecraft:iron_helmet":2,"minecraft:cobblestone":5,"minecraft:granite":2,"minecraft:coal":5,"illagerinvasion:platinum_chunk":2,"minecraft:diorite":1,"minecraft:torch":111,"minecraft:rose_bush":1,"minecraft:iron_leggings":2,"minecraft:iron_axe":1,"minecraft:string":1,"minecraft:bucket":2,"twigs:rhyolite":14,"dragonmounts:spawn_egg":1,"minecraft:iron_boots":2,"minecraft:name_tag":1,"minecraft:flint_and_steel":1,"minecraft:diamond_sword":1,"minecraft:shield":3,"aether:chainmail_gloves":1,"minecraft:diamond_pickaxe":2,"minecraft:iron_chestplate":2,"minecraft:andesite":10,"minecraft:oak_sapling":1}},"DataVersion":3465}