{"stats":{"minecraft:killed_by":{"minecraft:pillager":1,"minecraft:vindicator":15,"minecraft:zombie":1,"minecraft:enderman":1,"minecraft:skeleton":1},"minecraft:broken":{"minecraft:iron_shovel":1,"minecraft:stone_pickaxe":1,"minecraft:stone_shovel":1,"minecraft:iron_axe":3},"minecraft:custom":{"minecraft:interact_with_crafting_table":61,"minecraft:open_barrel":25,"goblintraders:trade_with_goblin":7,"minecraft:bell_ring":1,"minecraft:leave_game":8,"minecraft:time_since_death":6650,"minecraft:sprint_one_cm":1069463,"minecraft:damage_blocked_by_shield":670,"minecraft:drop":87,"minecraft:talked_to_villager":19,"minecraft:play_time":454153,"minecraft:deaths":19,"minecraft:interact_with_brewingstand":1,"minecraft:jump":2997,"minecraft:walk_on_water_one_cm":112508,"minecraft:interact_with_furnace":70,"minecraft:sleep_in_bed":17,"minecraft:waystone_activated":1,"minecraft:damage_dealt":24844,"minecraft:crouch_one_cm":28091,"minecraft:mob_kills":132,"minecraft:climb_one_cm":55527,"minecraft:walk_one_cm":1342963,"minecraft:sneak_time":10370,"minecraft:walk_under_water_one_cm":121238,"minecraft:total_world_time":454153,"minecraft:pot_flower":1,"minecraft:time_since_rest":6677,"minecraft:damage_taken":8536,"twilightforest:life_charms_activated":1,"minecraft:swim_one_cm":53205,"minecraft:fly_one_cm":637030,"minecraft:open_chest":206,"minecraft:fall_one_cm":46191},"minecraft:dropped":{"minecraft:iron_sword":3,"minecraft:diamond":1,"minecraft:crafting_table":1,"minecraft:crossbow":1,"minecraft:jungle_planks":2,"minecraft:saddle":1,"friendsandfoes:totem_of_illusion":2,"minecraft:emerald":2,"minecraft:dark_oak_log":1,"minecraft:dark_oak_fence":2,"farmersdelight:onion":22,"minecraft:iron_pickaxe":2,"minecraft:bone":1,"minecraft:stone_axe":1,"minecraft:iron_nugget":5,"minecraft:cobbled_deepslate":4,"minecraft:light_gray_carpet":1,"minecraft:cooked_mutton":8,"minecraft:carrot":5,"minecraft:poppy":1,"supplementaries:flax_seeds":20,"comforts:sleeping_bag_white":1,"minecraft:wheat_seeds":10,"dragonmounts:dragon_egg":2,"minecraft:iron_helmet":2,"minecraft:cobblestone":5,"minecraft:granite":2,"illagerinvasion:platinum_chunk":2,"minecraft:diorite":1,"minecraft:torch":71,"minecraft:rose_bush":1,"minecraft:iron_leggings":2,"minecraft:iron_axe":1,"minecraft:string":1,"twigs:rhyolite":14,"dragonmounts:spawn_egg":1,"minecraft:iron_boots":2,"minecraft:name_tag":1,"minecraft:flint_and_steel":1,"minecraft:diamond_sword":1,"minecraft:shield":2,"aether:chainmail_gloves":1,"minecraft:diamond_pickaxe":1,"minecraft:iron_chestplate":2,"minecraft:andesite":10,"minecraft:oak_sapling":1},"minecraft:crafted":{"minecraft:brick":64,"minecraft:oak_planks":340,"minecraft:cobblestone_slab":120,"delightful:cooked_goat":1,"minecraft:stone":58,"minecraft:bookshelf":21,"minecraft:cooked_mutton":8,"minecraft:dark_oak_door":3,"minecraft:hopper":1,"minecraft:bricks":11,"farmersdelight:stove":2,"minecraft:dropper":1,"minecraft:oak_slab":12,"storagenetwork:kabel":32,"minecraft:wooden_shovel":1,"minecraft:crafting_table":6,"farmersdelight:iron_knife":1,"minecraft:iron_helmet":1,"minecraft:baked_potato":28,"storagenetwork:master":1,"minecraft:birch_planks":24,"minecraft:campfire":2,"farmersdelight:skillet":1,"farmersdelight:cutting_board":1,"minecraft:iron_chestplate":2,"minecraft:charcoal":29,"minecraft:diamond_pickaxe":1,"minecraft:shield":2,"minecraft:stick":258,"minecraft:stone_slab":114,"quark:oak_chest":12,"minecraft:iron_ingot":68,"minecraft:iron_pickaxe":2,"minecraft:cobbled_deepslate_slab":54,"minecraft:stone_shovel":1,"minecraft:iron_nugget":9,"biomesoplenty:mahogany_planks":96,"comforts:sleeping_bag_white":2,"minecraft:furnace":5,"minecraft:oak_trapdoor":4,"minecraft:scaffolding":54,"minecraft:iron_axe":4,"minecraft:dark_oak_planks":16,"minecraft:cooked_beef":6,"minecraft:enchanting_table":1,"minecraft:iron_sword":3,"farmersdelight:cooking_pot":1,"minecraft:bucket":1,"minecraft:stone_axe":1,"minecraft:glowstone":13,"grassoverhaul:dirt_sod_slab":444,"minecraft:air":0,"storagenetwork:inventory":1,"minecraft:iron_shovel":1,"minecraft:iron_leggings":1,"storagenetwork:import_kabel":4,"storagenetwork:storage_kabel":12,"minecraft:torch":220,"farmersdelight:oak_cabinet":2},"minecraft:killed":{"illagerinvasion:archivist":2,"minecraft:cave_spider":5,"minecraft:spider":2,"illagerinvasion:basher":2,"minecraft:skeleton":17,"friendsandfoes:glare":1,"illagerinvasion:provoker":2,"alexsmobs:straddler":3,"dragonmounts:dragon":1,"minecraft:piglin":2,"minecraft:salmon":6,"illagerinvasion:alchemist":1,"minecraft:creeper":3,"minecraft:sheep":11,"minecraft:pillager":17,"minecraft:goat":1,"minecraft:zombie":40,"minecraft:evoker":1,"minecraft:vindicator":8,"quark:toretoise":1,"minecraft:drowned":2,"minecraft:bat":1,"minecraft:wither_skeleton":1},"minecraft:used":{"minecraft:peony":2,"farmersdelight:onion_crate":1,"minecraft:iron_shovel":255,"delightful:cooked_goat":1,"farmersdelight:stove":2,"minecraft:decorated_pot":1,"minecraft:chest":4,"minecraft:shield":18,"minecraft:stone":1,"minecraft:iron_sword":457,"minecraft:carrot":15,"minecraft:allium":1,"minecraft:tuff":27,"minecraft:obsidian":10,"minecraft:lava_bucket":1,"farmersdelight:cutting_board":1,"minecraft:scaffolding":36,"minecraft:furnace":6,"storagenetwork:storage_kabel":6,"minecraft:diorite":2,"minecraft:stone_pickaxe":45,"minecraft:oak_planks":5,"minecraft:diamond_axe":555,"biomesoplenty:rainbow_birch_sapling":1,"grassoverhaul:dirt_sod_slab":1492,"minecraft:bread":24,"minecraft:melon_slice":87,"minecraft:lilac":1,"minecraft:diamond_sword":73,"storagenetwork:import_kabel":1,"minecraft:coarse_dirt":6,"minecraft:experience_bottle":5,"biomesoplenty:mahogany_planks":4,"minecraft:rose_bush":6,"minecraft:enchanting_table":2,"minecraft:white_tulip":1,"minecraft:flint_and_steel":2,"minecraft:stone_shovel":134,"storagenetwork:kabel":7,"minecraft:netherrack":129,"minecraft:torch":307,"minecraft:dirt":280,"minecraft:white_carpet":1,"twigs:rhyolite":45,"farmersdelight:rope":1,"farmersdelight:oak_cabinet":2,"dragonmounts:dragon_egg":1,"minecraft:bookshelf":21,"minecraft:iron_axe":826,"storagenetwork:master":1,"minecraft:glowstone":11,"minecraft:goat_horn":3,"farmersdelight:cooking_pot":1,"comforts:sleeping_bag_white":7,"minecraft:cooked_beef":6,"minecraft:cobbled_deepslate":66,"minecraft:cooked_mutton":6,"minecraft:water_bucket":4,"storagenetwork:inventory":3,"farmersdelight:skillet":2,"minecraft:birch_planks":16,"minecraft:baked_potato":11,"minecraft:cobblestone_slab":121,"farmersdelight:onion":8,"minecraft:oak_slab":1,"minecraft:crafting_table":11,"minecraft:white_bed":2,"minecraft:dark_oak_door":2,"delightful:mini_melon":1,"minecraft:flower_pot":1,"minecraft:diamond_pickaxe":549,"minecraft:cornflower":1,"minecraft:apple":1,"minecraft:diamond_shovel":391,"minecraft:iron_pickaxe":154,"minecraft:stone_slab":91,"minecraft:stone_axe":129,"twigs:bronzed_seashell":2,"minecraft:cobblestone":158,"minecraft:cobbled_deepslate_slab":54,"minecraft:bucket":6,"quark:oak_chest":13},"minecraft:picked_up":{"minecraft:wheat":1,"illagerinvasion:platinum_chunk":8,"minecraft:flower_pot":2,"minecraft:stone_slab":1,"minecraft:lead":1,"biomesoplenty:violet":1,"spawnersplus:spawner_fragment":1,"biomesoplenty:rainbow_birch_sapling":2,"minecraft:string":29,"minecraft:raw_copper":5,"minecraft:sticky_piston":4,"minecraft:gold_nugget":4,"minecraft:cobbled_deepslate":32,"twigs:pebble":1,"comforts:sleeping_bag_white":7,"delightful:acorn":26,"minecraft:white_tulip":1,"minecraft:rose_bush":7,"minecraft:cobblestone_slab":1,"minecraft:iron_pickaxe":1,"minecraft:melon_slice":62,"delightful:green_tea_leaf":12,"minecraft:iron_boots":1,"minecraft:furnace":3,"minecraft:dark_oak_door":2,"minecraft:stick":16,"minecraft:jukebox":1,"minecraft:torch":28,"twigs:bamboo_leaves":31,"minecraft:diorite":1,"minecraft:rotten_flesh":27,"aether:chainmail_gloves":1,"biomesoplenty:mahogany_sapling":3,"farmersdelight:onion":3,"supplementaries:antique_ink":3,"farmersdelight:rope":1,"supplementaries:ash":8,"minecraft:obsidian":14,"minecraft:iron_bars":1,"alexsmobs:flying_fish":3,"minecraft:cobblestone":308,"minecraft:birch_log":5,"minecraft:enchanting_table":1,"farmersdelight:onion_crate":1,"minecraft:feather":2,"minecraft:lilac":1,"minecraft:birch_slab":8,"minecraft:andesite":10,"minecraft:dark_oak_boat":1,"minecraft:tuff":11,"supplementaries:flax_seeds":2,"minecraft:lapis_lazuli":18,"minecraft:dirt":711,"minecraft:name_tag":1,"minecraft:bone":17,"minecraft:bow":3,"delightful:mini_melon":1,"minecraft:wheat_seeds":47,"minecraft:raw_gold":1,"minecraft:glowstone_dust":53,"minecraft:bamboo":129,"twigs:twig":76,"minecraft:oak_planks":6,"biomesoplenty:mahogany_planks":2,"minecraft:jungle_planks":6,"minecraft:sand":5,"minecraft:dark_oak_log":1144,"minecraft:mossy_cobblestone":1,"minecraft:yellow_carpet":3,"minecraft:diamond":17,"dragonmounts:dragon_egg":2,"minecraft:crossbow":2,"minecraft:granite":2,"minecraft:bone_meal":3,"minecraft:emerald":28,"twigs:rhyolite":14,"biomesoplenty:pink_daffodil":1,"minecraft:oak_sapling":38,"minecraft:light_gray_carpet":1,"minecraft:netherrack":115,"quark:crimson_chest":2,"minecraft:charcoal":2,"minecraft:coarse_dirt":5,"minecraft:crafting_table":6,"minecraft:allium":11,"minecraft:clay_ball":220,"minecraft:ladder":5,"minecraft:brown_mushroom":15,"friendsandfoes:totem_of_illusion":2,"minecraft:yellow_candle":4,"minecraft:cornflower":1,"minecraft:iron_axe":2,"minecraft:white_carpet":1,"minecraft:blue_orchid":1,"minecraft:iron_nugget":12,"minecraft:poppy":1,"minecraft:light_gray_wool":1,"minecraft:chest":4,"minecraft:dark_oak_sapling":108,"minecraft:raw_iron":44,"delightful:raw_goat":1,"minecraft:copper_ingot":19,"alexsmobs:straddlite":1,"minecraft:carrot":10,"minecraft:redstone":64,"storagenetwork:inventory":2,"minecraft:arrow":38,"minecraft:decorated_pot":1,"minecraft:peony":2,"minecraft:totem_of_undying":1,"minecraft:saddle":1,"minecraft:mutton":15,"minecraft:white_wool":9,"minecraft:basalt":7,"minecraft:glow_ink_sac":1,"minecraft:salmon":3,"minecraft:red_mushroom":26,"minecraft:birch_planks":2,"minecraft:oak_log":99,"farmersdelight:salmon_slice":6,"minecraft:golden_boots":1,"minecraft:gunpowder":4,"minecraft:cobblestone_wall":2,"minecraft:cobblestone_stairs":25,"farmersdelight:skillet":1,"storagenetwork:import_kabel":1,"minecraft:paper":1,"minecraft:white_banner":1,"minecraft:red_carpet":12,"minecraft:stone_bricks":2,"minecraft:apple":16,"minecraft:gray_carpet":2,"grassoverhaul:dirt_sod_slab":8,"minecraft:iron_ingot":22,"minecraft:glass_bottle":1,"minecraft:iron_sword":1,"minecraft:dark_oak_stairs":1,"minecraft:book":87,"minecraft:scaffolding":9,"minecraft:oak_slab":7,"minecraft:chiseled_stone_bricks":6,"minecraft:quartz":15,"minecraft:gravel":1,"minecraft:birch_stairs":1,"twigs:bronzed_seashell":1,"minecraft:white_bed":2,"quark:oak_chest":5,"minecraft:spider_eye":1,"biomesoplenty:mahogany_log":24,"minecraft:gray_wool":1,"farmersdelight:cooked_salmon_slice":6,"storagenetwork:kabel":1,"minecraft:coal":97},"minecraft:mined":{"minecraft:large_amethyst_bud":2,"minecraft:white_bed":2,"minecraft:cobblestone_stairs":25,"minecraft:potted_blue_orchid":1,"minecraft:obsidian":14,"minecraft:granite":1,"minecraft:grass_block":479,"minecraft:yellow_carpet":3,"twigs:twig":2,"minecraft:chiseled_stone_bricks":6,"minecraft:spawner":1,"minecraft:glowstone":19,"minecraft:sticky_piston":1,"minecraft:iron_ore":36,"minecraft:cobbled_deepslate":1,"minecraft:fire":5,"minecraft:enchanting_table":1,"minecraft:dark_oak_stairs":1,"biomesoplenty:hanging_cobweb":3,"minecraft:iron_bars":2,"minecraft:small_amethyst_bud":2,"biomesoplenty:webbing":7,"minecraft:azalea_leaves":1,"minecraft:piston_head":3,"minecraft:deepslate_redstone_ore":15,"minecraft:medium_amethyst_bud":1,"storagenetwork:inventory":2,"biomesoplenty:hanging_cobweb_strand":2,"minecraft:clay":55,"minecraft:torch":3,"delightful:pumpkin_pie":1,"minecraft:melon":11,"minecraft:chest":4,"supplementaries:wild_flax":2,"minecraft:mushroom_stem":13,"minecraft:nether_quartz_ore":15,"minecraft:cobblestone":21,"minecraft:oak_planks":6,"minecraft:sugar_cane":1,"minecraft:wall_torch":3,"storagenetwork:import_kabel":1,"minecraft:wheat":7,"minecraft:birch_log":5,"minecraft:lilac":1,"minecraft:jukebox":1,"minecraft:potted_poppy":1,"minecraft:grass":118,"minecraft:oak_log":63,"delightful:mini_melon":1,"minecraft:dirt":226,"minecraft:sand":5,"twigs:rhyolite":25,"minecraft:red_mushroom_block":29,"minecraft:netherrack":116,"minecraft:deepslate":35,"minecraft:red_carpet":12,"minecraft:tuff":19,"minecraft:mossy_cobblestone":1,"minecraft:deepslate_diamond_ore":17,"farmersdelight:wild_carrots":10,"minecraft:dark_oak_log":1194,"minecraft:ladder":5,"minecraft:allium":4,"minecraft:yellow_candle":1,"minecraft:decorated_pot":1,"minecraft:jungle_planks":5,"minecraft:redstone_wire":1,"minecraft:brown_mushroom_block":90,"grassoverhaul:dirt_sod_slab":8,"minecraft:birch_slab":8,"minecraft:red_mushroom":1,"minecraft:large_fern":1,"farmersdelight:wild_onions":3,"minecraft:furnace":3,"minecraft:andesite":10,"twigs:bronzed_seashell":1,"minecraft:peony":2,"minecraft:bookshelf":29,"minecraft:cobblestone_slab":1,"farmersdelight:rope":1,"minecraft:deepslate_iron_ore":8,"minecraft:vine":4,"minecraft:bamboo":12,"biomesoplenty:spider_egg":2,"minecraft:white_tulip":1,"minecraft:stone":288,"minecraft:oak_slab":7,"minecraft:birch_stairs":1,"minecraft:light_gray_carpet":1,"minecraft:scaffolding":11,"minecraft:glass_pane":2,"quark:oak_chest":5,"minecraft:crafting_table":5,"minecraft:cornflower":1,"biomesoplenty:mahogany_planks":2,"minecraft:rose_bush":7,"minecraft:campfire":1,"minecraft:stone_slab":1,"farmersdelight:onion_crate":2,"biomesoplenty:high_grass_plant":1,"minecraft:copper_ore":1,"minecraft:tall_grass":17,"minecraft:deepslate_gold_ore":1,"minecraft:lapis_ore":3,"dragonmounts:dragon_egg":1,"minecraft:diorite":1,"supplementaries:urn":10,"minecraft:birch_planks":2,"farmersdelight:skillet":1,"minecraft:coarse_dirt":5,"minecraft:cobblestone_wall":3,"minecraft:white_carpet":1,"minecraft:coal_ore":39,"minecraft:gravel":1,"minecraft:gray_carpet":2,"biomesoplenty:stringy_cobweb":3,"minecraft:cobweb":26,"minecraft:stone_bricks":2,"quark:crimson_chest":2,"storagenetwork:kabel":1,"minecraft:fern":36}},"DataVersion":3465}