{"stats":{"minecraft:killed_by":{"minecraft:vindicator":9,"minecraft:skeleton":1,"minecraft:zombie":1,"minecraft:pillager":1,"minecraft:enderman":1},"minecraft:custom":{"minecraft:interact_with_furnace":24,"minecraft:mob_kills":44,"minecraft:interact_with_crafting_table":11,"minecraft:open_barrel":13,"minecraft:bell_ring":1,"minecraft:leave_game":1,"minecraft:time_since_death":1172,"minecraft:sleep_in_bed":5,"minecraft:climb_one_cm":2373,"minecraft:time_since_rest":1201,"minecraft:sprint_one_cm":278284,"minecraft:damage_taken":3993,"minecraft:walk_one_cm":285821,"minecraft:damage_blocked_by_shield":230,"minecraft:drop":41,"minecraft:damage_dealt":8281,"minecraft:talked_to_villager":19,"minecraft:swim_one_cm":8189,"minecraft:fly_one_cm":165795,"minecraft:open_chest":28,"minecraft:crouch_one_cm":1057,"minecraft:deaths":13,"minecraft:play_time":85768,"minecraft:sneak_time":331,"minecraft:walk_under_water_one_cm":6346,"minecraft:jump":1067,"minecraft:walk_on_water_one_cm":11186,"minecraft:total_world_time":85768,"minecraft:fall_one_cm":23638},"minecraft:mined":{"minecraft:light_gray_carpet":1,"minecraft:glass_pane":2,"minecraft:mossy_cobblestone":1,"farmersdelight:wild_carrots":10,"minecraft:dark_oak_log":1,"minecraft:crafting_table":1,"delightful:pumpkin_pie":1,"minecraft:decorated_pot":1,"minecraft:allium":3,"minecraft:grass_block":2,"minecraft:rose_bush":1,"minecraft:campfire":1,"farmersdelight:onion_crate":2,"biomesoplenty:high_grass_plant":1,"minecraft:tall_grass":5,"minecraft:sugar_cane":1,"farmersdelight:wild_onions":3,"minecraft:furnace":1,"minecraft:iron_ore":9,"minecraft:fire":4,"minecraft:white_carpet":1,"twigs:bronzed_seashell":1,"minecraft:grass":9,"minecraft:bookshelf":12,"minecraft:coal_ore":17,"delightful:mini_melon":1,"minecraft:stone":15,"minecraft:fern":4},"minecraft:broken":{"minecraft:stone_pickaxe":1},"minecraft:killed":{"illagerinvasion:archivist":1,"minecraft:vindicator":2,"minecraft:spider":1,"illagerinvasion:alchemist":1,"minecraft:creeper":2,"illagerinvasion:basher":1,"minecraft:sheep":11,"minecraft:skeleton":1,"minecraft:pillager":15,"minecraft:goat":1,"minecraft:zombie":7,"minecraft:drowned":1},"minecraft:crafted":{"minecraft:oak_planks":252,"minecraft:crafting_table":3,"comforts:sleeping_bag_white":2,"minecraft:iron_helmet":1,"minecraft:iron_sword":1,"delightful:cooked_goat":1,"minecraft:furnace":1,"minecraft:cooked_mutton":8,"minecraft:air":0,"minecraft:shield":2,"minecraft:stick":18,"quark:oak_chest":4,"minecraft:iron_ingot":6,"minecraft:torch":56},"minecraft:dropped":{"minecraft:iron_sword":1,"minecraft:stone_axe":1,"minecraft:iron_nugget":5,"minecraft:iron_helmet":1,"minecraft:iron_boots":1,"minecraft:cooked_mutton":8,"minecraft:carrot":5,"minecraft:flint_and_steel":1,"minecraft:emerald":2,"minecraft:dark_oak_log":1,"minecraft:shield":2,"minecraft:rose_bush":1,"minecraft:oak_sapling":1,"farmersdelight:onion":22,"minecraft:iron_leggings":1,"comforts:sleeping_bag_white":1},"minecraft:picked_up":{"minecraft:charcoal":2,"minecraft:crafting_table":1,"minecraft:allium":9,"farmersdelight:onion_crate":1,"illagerinvasion:platinum_chunk":6,"minecraft:oak_log":39,"minecraft:gunpowder":4,"minecraft:dirt":2,"minecraft:white_banner":1,"minecraft:iron_axe":1,"minecraft:white_carpet":1,"minecraft:bone":2,"minecraft:apple":1,"minecraft:bow":1,"delightful:mini_melon":1,"minecraft:wheat_seeds":1,"comforts:sleeping_bag_white":2,"delightful:acorn":2,"minecraft:iron_ingot":2,"minecraft:glass_bottle":1,"minecraft:rose_bush":1,"minecraft:iron_nugget":6,"minecraft:light_gray_wool":1,"minecraft:iron_boots":1,"minecraft:furnace":1,"minecraft:book":36,"minecraft:raw_iron":8,"delightful:raw_goat":1,"twigs:bronzed_seashell":1,"minecraft:carrot":10,"minecraft:dark_oak_log":1,"minecraft:mossy_cobblestone":1,"minecraft:arrow":17,"minecraft:rotten_flesh":3,"minecraft:decorated_pot":1,"farmersdelight:onion":3,"minecraft:crossbow":1,"minecraft:gray_wool":1,"minecraft:emerald":15,"minecraft:oak_sapling":4,"minecraft:light_gray_carpet":1,"minecraft:mutton":15,"minecraft:coal":47,"minecraft:white_wool":9,"minecraft:cobblestone":14},"minecraft:used":{"farmersdelight:onion_crate":1,"minecraft:cooked_mutton":6,"minecraft:stone_pickaxe":45,"delightful:cooked_goat":1,"minecraft:decorated_pot":1,"minecraft:shield":7,"minecraft:iron_sword":176,"minecraft:torch":10,"farmersdelight:onion":8,"minecraft:white_carpet":1,"minecraft:crafting_table":3,"minecraft:carrot":13,"delightful:mini_melon":1,"minecraft:apple":1,"minecraft:bread":2,"minecraft:stone_axe":1,"twigs:bronzed_seashell":2,"minecraft:goat_horn":3,"minecraft:furnace":2,"quark:oak_chest":4,"comforts:sleeping_bag_white":2,"minecraft:experience_bottle":2}},"DataVersion":3465}