{"stats":{"minecraft:killed_by":{"minecraft:pillager":1,"minecraft:enderman":1,"minecraft:vindicator":11,"minecraft:skeleton":1,"minecraft:zombie":1},"minecraft:custom":{"minecraft:mob_kills":49,"minecraft:interact_with_crafting_table":11,"minecraft:open_barrel":13,"minecraft:bell_ring":1,"minecraft:leave_game":1,"minecraft:time_since_death":10638,"minecraft:climb_one_cm":3593,"minecraft:sprint_one_cm":296453,"minecraft:walk_one_cm":345614,"minecraft:damage_blocked_by_shield":310,"minecraft:drop":43,"minecraft:talked_to_villager":19,"minecraft:play_time":97768,"minecraft:deaths":15,"minecraft:sneak_time":639,"minecraft:walk_under_water_one_cm":7401,"minecraft:jump":1102,"minecraft:interact_with_brewingstand":1,"minecraft:walk_on_water_one_cm":12002,"minecraft:total_world_time":97768,"minecraft:interact_with_furnace":24,"minecraft:pot_flower":1,"minecraft:sleep_in_bed":6,"minecraft:time_since_rest":967,"minecraft:damage_taken":4610,"minecraft:damage_dealt":8998,"minecraft:swim_one_cm":8189,"minecraft:fly_one_cm":168285,"minecraft:open_chest":33,"minecraft:crouch_one_cm":2147,"minecraft:fall_one_cm":24122},"minecraft:broken":{"minecraft:stone_pickaxe":1,"minecraft:iron_axe":1},"minecraft:mined":{"minecraft:mossy_cobblestone":1,"farmersdelight:wild_carrots":10,"minecraft:dark_oak_log":2,"minecraft:potted_blue_orchid":1,"minecraft:allium":3,"minecraft:grass_block":3,"minecraft:decorated_pot":1,"twigs:twig":1,"minecraft:birch_slab":8,"farmersdelight:wild_onions":3,"minecraft:furnace":1,"minecraft:iron_ore":9,"minecraft:fire":4,"twigs:bronzed_seashell":1,"minecraft:bookshelf":25,"minecraft:stone":15,"minecraft:light_gray_carpet":1,"minecraft:glass_pane":2,"quark:oak_chest":2,"minecraft:crafting_table":1,"delightful:pumpkin_pie":1,"minecraft:chest":2,"minecraft:rose_bush":1,"minecraft:campfire":1,"biomesoplenty:high_grass_plant":1,"minecraft:mushroom_stem":5,"farmersdelight:onion_crate":2,"minecraft:tall_grass":5,"minecraft:sugar_cane":1,"minecraft:white_carpet":1,"minecraft:grass":14,"minecraft:coal_ore":17,"delightful:mini_melon":1,"minecraft:red_mushroom_block":29,"minecraft:fern":4},"minecraft:killed":{"illagerinvasion:archivist":1,"minecraft:spider":1,"minecraft:vindicator":4,"illagerinvasion:basher":1,"minecraft:skeleton":1,"minecraft:drowned":1,"minecraft:salmon":2,"illagerinvasion:alchemist":1,"minecraft:creeper":3,"minecraft:sheep":11,"minecraft:pillager":15,"minecraft:goat":1,"minecraft:zombie":7},"minecraft:crafted":{"minecraft:oak_planks":252,"comforts:sleeping_bag_white":2,"delightful:cooked_goat":1,"minecraft:furnace":1,"minecraft:cooked_mutton":8,"minecraft:crafting_table":3,"minecraft:iron_helmet":1,"minecraft:iron_sword":1,"minecraft:air":0,"minecraft:shield":2,"minecraft:stick":18,"quark:oak_chest":4,"minecraft:iron_ingot":6,"minecraft:torch":56},"minecraft:dropped":{"minecraft:iron_sword":1,"minecraft:iron_helmet":1,"friendsandfoes:totem_of_illusion":2,"minecraft:emerald":2,"minecraft:dark_oak_log":1,"minecraft:rose_bush":1,"minecraft:iron_leggings":1,"farmersdelight:onion":22,"minecraft:stone_axe":1,"minecraft:iron_nugget":5,"minecraft:iron_boots":1,"minecraft:cooked_mutton":8,"minecraft:carrot":5,"minecraft:flint_and_steel":1,"minecraft:shield":2,"minecraft:oak_sapling":1,"comforts:sleeping_bag_white":1},"minecraft:used":{"farmersdelight:onion_crate":1,"delightful:cooked_goat":1,"minecraft:decorated_pot":1,"minecraft:chest":2,"minecraft:shield":9,"minecraft:iron_sword":192,"minecraft:torch":16,"minecraft:white_carpet":1,"minecraft:carrot":13,"minecraft:iron_axe":18,"minecraft:furnace":2,"minecraft:goat_horn":3,"comforts:sleeping_bag_white":3,"minecraft:cooked_mutton":6,"minecraft:stone_pickaxe":45,"farmersdelight:onion":8,"minecraft:crafting_table":3,"delightful:mini_melon":1,"minecraft:flower_pot":1,"minecraft:apple":1,"minecraft:bread":4,"minecraft:stone_axe":1,"twigs:bronzed_seashell":2,"quark:oak_chest":4,"minecraft:experience_bottle":2},"minecraft:picked_up":{"minecraft:charcoal":2,"minecraft:crafting_table":1,"minecraft:allium":9,"illagerinvasion:platinum_chunk":6,"minecraft:flower_pot":1,"friendsandfoes:totem_of_illusion":2,"minecraft:iron_axe":1,"minecraft:white_carpet":1,"minecraft:blue_orchid":1,"comforts:sleeping_bag_white":3,"delightful:acorn":2,"minecraft:rose_bush":1,"minecraft:iron_nugget":6,"minecraft:light_gray_wool":1,"minecraft:chest":2,"minecraft:furnace":1,"minecraft:iron_boots":1,"minecraft:raw_iron":8,"delightful:raw_goat":1,"minecraft:carrot":10,"minecraft:arrow":17,"minecraft:rotten_flesh":3,"minecraft:decorated_pot":1,"farmersdelight:onion":3,"minecraft:mutton":15,"minecraft:white_wool":9,"minecraft:cobblestone":14,"farmersdelight:onion_crate":1,"minecraft:birch_slab":8,"minecraft:red_mushroom":6,"minecraft:oak_log":39,"minecraft:gunpowder":4,"minecraft:dirt":3,"minecraft:white_banner":1,"minecraft:bone":2,"minecraft:apple":1,"minecraft:bow":1,"delightful:mini_melon":1,"minecraft:wheat_seeds":1,"minecraft:iron_ingot":2,"minecraft:glass_bottle":1,"twigs:twig":1,"minecraft:book":75,"twigs:bronzed_seashell":1,"quark:oak_chest":2,"minecraft:dark_oak_log":2,"minecraft:mossy_cobblestone":1,"minecraft:crossbow":1,"minecraft:gray_wool":1,"minecraft:emerald":18,"minecraft:oak_sapling":4,"minecraft:light_gray_carpet":1,"minecraft:coal":47}},"DataVersion":3465}