{"stats":{"minecraft:killed_by":{"minecraft:pillager":1,"minecraft:enderman":1,"minecraft:vindicator":11,"minecraft:skeleton":1,"minecraft:zombie":1},"minecraft:custom":{"minecraft:mob_kills":61,"minecraft:interact_with_crafting_table":18,"minecraft:open_barrel":14,"goblintraders:trade_with_goblin":7,"minecraft:bell_ring":1,"minecraft:leave_game":1,"minecraft:time_since_death":64638,"minecraft:climb_one_cm":11917,"minecraft:sprint_one_cm":427422,"minecraft:walk_one_cm":511758,"minecraft:damage_blocked_by_shield":430,"minecraft:drop":59,"minecraft:talked_to_villager":19,"minecraft:play_time":151768,"minecraft:deaths":15,"minecraft:sneak_time":1591,"minecraft:walk_under_water_one_cm":7793,"minecraft:jump":1424,"minecraft:interact_with_brewingstand":1,"minecraft:walk_on_water_one_cm":13065,"minecraft:total_world_time":151768,"minecraft:interact_with_furnace":27,"minecraft:pot_flower":1,"minecraft:sleep_in_bed":9,"minecraft:time_since_rest":24350,"minecraft:damage_taken":5170,"minecraft:damage_dealt":11553,"minecraft:swim_one_cm":12732,"minecraft:fly_one_cm":198041,"minecraft:open_chest":88,"minecraft:crouch_one_cm":4567,"minecraft:fall_one_cm":31101},"minecraft:broken":{"minecraft:stone_pickaxe":1,"minecraft:iron_axe":1},"minecraft:mined":{"minecraft:white_bed":2,"minecraft:mossy_cobblestone":1,"farmersdelight:wild_carrots":10,"minecraft:dark_oak_log":2,"minecraft:potted_blue_orchid":1,"minecraft:granite":1,"minecraft:allium":3,"minecraft:grass_block":3,"minecraft:decorated_pot":1,"minecraft:jungle_planks":5,"twigs:twig":1,"minecraft:birch_slab":8,"minecraft:spawner":1,"minecraft:large_fern":1,"farmersdelight:wild_onions":3,"minecraft:furnace":2,"minecraft:iron_ore":31,"minecraft:fire":4,"minecraft:andesite":10,"twigs:bronzed_seashell":1,"biomesoplenty:hanging_cobweb":3,"minecraft:bookshelf":25,"minecraft:deepslate_iron_ore":2,"minecraft:vine":4,"biomesoplenty:webbing":6,"minecraft:bamboo":12,"biomesoplenty:spider_egg":2,"minecraft:stone":41,"minecraft:deepslate_redstone_ore":6,"minecraft:light_gray_carpet":1,"minecraft:scaffolding":7,"minecraft:glass_pane":2,"quark:oak_chest":5,"biomesoplenty:hanging_cobweb_strand":2,"minecraft:crafting_table":3,"delightful:pumpkin_pie":1,"minecraft:melon":11,"minecraft:chest":4,"minecraft:rose_bush":1,"minecraft:campfire":1,"biomesoplenty:high_grass_plant":1,"minecraft:mushroom_stem":5,"farmersdelight:onion_crate":2,"minecraft:tall_grass":5,"minecraft:lapis_ore":3,"minecraft:sugar_cane":1,"minecraft:diorite":1,"minecraft:white_carpet":1,"minecraft:grass":17,"minecraft:coal_ore":17,"delightful:mini_melon":1,"minecraft:dirt":1,"biomesoplenty:stringy_cobweb":2,"minecraft:cobweb":24,"twigs:rhyolite":13,"minecraft:red_mushroom_block":29,"quark:crimson_chest":1,"minecraft:deepslate":1,"minecraft:fern":17},"minecraft:killed":{"illagerinvasion:archivist":1,"minecraft:cave_spider":3,"minecraft:spider":1,"minecraft:vindicator":5,"illagerinvasion:basher":1,"minecraft:skeleton":4,"minecraft:drowned":1,"minecraft:salmon":2,"illagerinvasion:alchemist":1,"minecraft:creeper":3,"minecraft:sheep":11,"minecraft:pillager":17,"minecraft:goat":1,"minecraft:zombie":9},"minecraft:crafted":{"minecraft:oak_planks":252,"biomesoplenty:mahogany_planks":96,"comforts:sleeping_bag_white":2,"delightful:cooked_goat":1,"minecraft:furnace":2,"minecraft:cooked_mutton":8,"minecraft:crafting_table":4,"minecraft:iron_helmet":1,"minecraft:iron_sword":3,"minecraft:air":0,"minecraft:shield":2,"minecraft:stick":146,"quark:oak_chest":4,"minecraft:iron_ingot":21,"minecraft:iron_pickaxe":2,"minecraft:torch":92},"minecraft:dropped":{"minecraft:iron_sword":3,"minecraft:wheat_seeds":1,"minecraft:crossbow":1,"minecraft:iron_helmet":1,"minecraft:granite":2,"minecraft:jungle_planks":2,"friendsandfoes:totem_of_illusion":2,"minecraft:emerald":2,"minecraft:dark_oak_log":1,"minecraft:diorite":1,"minecraft:torch":28,"minecraft:dark_oak_fence":2,"minecraft:rose_bush":1,"minecraft:iron_leggings":1,"farmersdelight:onion":22,"minecraft:iron_pickaxe":1,"minecraft:bone":1,"twigs:rhyolite":14,"minecraft:stone_axe":1,"minecraft:iron_nugget":5,"minecraft:cobbled_deepslate":1,"minecraft:iron_boots":1,"minecraft:light_gray_carpet":1,"minecraft:cooked_mutton":8,"minecraft:carrot":5,"minecraft:flint_and_steel":1,"minecraft:shield":2,"minecraft:andesite":10,"minecraft:oak_sapling":1,"comforts:sleeping_bag_white":1},"minecraft:used":{"farmersdelight:onion_crate":1,"delightful:cooked_goat":1,"minecraft:decorated_pot":1,"minecraft:chest":4,"minecraft:shield":12,"minecraft:iron_sword":280,"minecraft:torch":49,"minecraft:white_carpet":1,"minecraft:carrot":13,"minecraft:iron_axe":18,"minecraft:furnace":3,"minecraft:goat_horn":3,"comforts:sleeping_bag_white":5,"minecraft:cooked_mutton":6,"minecraft:stone_pickaxe":45,"biomesoplenty:rainbow_birch_sapling":1,"farmersdelight:onion":8,"minecraft:crafting_table":6,"minecraft:white_bed":2,"delightful:mini_melon":1,"minecraft:flower_pot":1,"minecraft:apple":1,"minecraft:melon_slice":9,"minecraft:bread":12,"minecraft:iron_pickaxe":92,"minecraft:stone_axe":1,"twigs:bronzed_seashell":2,"minecraft:cobblestone":13,"quark:oak_chest":9,"minecraft:experience_bottle":5},"minecraft:picked_up":{"quark:crimson_chest":1,"minecraft:charcoal":2,"minecraft:crafting_table":3,"minecraft:allium":10,"illagerinvasion:platinum_chunk":8,"minecraft:flower_pot":1,"friendsandfoes:totem_of_illusion":2,"biomesoplenty:violet":1,"spawnersplus:spawner_fragment":1,"minecraft:string":27,"minecraft:iron_axe":1,"minecraft:white_carpet":1,"minecraft:blue_orchid":1,"minecraft:cobbled_deepslate":1,"comforts:sleeping_bag_white":5,"delightful:acorn":6,"minecraft:rose_bush":1,"minecraft:iron_nugget":6,"minecraft:light_gray_wool":1,"minecraft:melon_slice":61,"delightful:green_tea_leaf":2,"minecraft:chest":4,"minecraft:furnace":2,"minecraft:iron_boots":1,"minecraft:stick":16,"minecraft:raw_iron":33,"delightful:raw_goat":1,"minecraft:copper_ingot":19,"twigs:bamboo_leaves":31,"minecraft:diorite":1,"minecraft:carrot":10,"minecraft:redstone":27,"minecraft:arrow":24,"minecraft:rotten_flesh":5,"minecraft:decorated_pot":1,"biomesoplenty:mahogany_sapling":3,"farmersdelight:onion":3,"minecraft:mutton":15,"alexsmobs:flying_fish":3,"minecraft:white_wool":9,"minecraft:cobblestone":43,"minecraft:feather":2,"farmersdelight:onion_crate":1,"minecraft:glow_ink_sac":1,"minecraft:birch_slab":8,"minecraft:andesite":10,"minecraft:dark_oak_boat":1,"minecraft:red_mushroom":6,"minecraft:oak_log":39,"minecraft:gunpowder":4,"minecraft:lapis_lazuli":18,"minecraft:dirt":26,"minecraft:white_banner":1,"minecraft:bone":3,"minecraft:apple":1,"minecraft:bow":1,"delightful:mini_melon":1,"minecraft:wheat_seeds":3,"minecraft:iron_ingot":22,"minecraft:bamboo":129,"minecraft:glass_bottle":1,"twigs:twig":1,"minecraft:book":75,"minecraft:scaffolding":5,"minecraft:jungle_planks":6,"twigs:bronzed_seashell":1,"minecraft:white_bed":2,"quark:oak_chest":5,"minecraft:dark_oak_log":2,"minecraft:mossy_cobblestone":1,"biomesoplenty:mahogany_log":24,"minecraft:granite":2,"minecraft:crossbow":2,"minecraft:gray_wool":1,"minecraft:emerald":19,"twigs:rhyolite":14,"biomesoplenty:pink_daffodil":1,"minecraft:oak_sapling":18,"minecraft:light_gray_carpet":1,"minecraft:coal":62}},"DataVersion":3465}