{"stats":{"minecraft:killed_by":{"minecraft:skeleton":1},"minecraft:custom":{"minecraft:interact_with_furnace":12,"minecraft:mob_kills":15,"minecraft:interact_with_crafting_table":6,"minecraft:open_barrel":4,"minecraft:leave_game":1,"minecraft:time_since_death":24749,"minecraft:sleep_in_bed":2,"minecraft:climb_one_cm":1826,"minecraft:time_since_rest":635,"minecraft:sprint_one_cm":114671,"minecraft:damage_taken":450,"minecraft:walk_one_cm":117450,"minecraft:damage_blocked_by_shield":40,"minecraft:drop":4,"minecraft:damage_dealt":2238,"minecraft:swim_one_cm":2927,"minecraft:fly_one_cm":104288,"minecraft:open_chest":10,"minecraft:crouch_one_cm":780,"minecraft:deaths":1,"minecraft:play_time":37768,"minecraft:sneak_time":203,"minecraft:walk_under_water_one_cm":1736,"minecraft:jump":677,"minecraft:walk_on_water_one_cm":1111,"minecraft:total_world_time":37768,"minecraft:fall_one_cm":17027},"minecraft:mined":{"minecraft:mossy_cobblestone":1,"minecraft:allium":3,"minecraft:grass_block":1,"biomesoplenty:high_grass_plant":1,"farmersdelight:wild_onions":3,"minecraft:iron_ore":9,"minecraft:fire":4,"minecraft:white_carpet":1,"twigs:bronzed_seashell":1,"minecraft:grass":2,"minecraft:coal_ore":17,"delightful:mini_melon":1,"minecraft:stone":15,"minecraft:fern":1},"minecraft:killed":{"minecraft:spider":1,"minecraft:creeper":2,"minecraft:sheep":7,"minecraft:goat":1,"minecraft:zombie":3,"minecraft:drowned":1},"minecraft:crafted":{"minecraft:oak_planks":244,"minecraft:crafting_table":2,"comforts:sleeping_bag_white":2,"minecraft:iron_sword":1,"delightful:cooked_goat":1,"minecraft:furnace":1,"minecraft:cooked_mutton":4,"minecraft:air":0,"minecraft:shield":2,"minecraft:stick":18,"minecraft:iron_ingot":1,"minecraft:torch":56},"minecraft:dropped":{"minecraft:cooked_mutton":2,"minecraft:shield":1,"comforts:sleeping_bag_white":1},"minecraft:picked_up":{"minecraft:allium":9,"minecraft:oak_log":39,"minecraft:gunpowder":2,"minecraft:dirt":1,"minecraft:white_carpet":1,"minecraft:apple":1,"delightful:mini_melon":1,"comforts:sleeping_bag_white":1,"delightful:acorn":2,"minecraft:raw_iron":8,"delightful:raw_goat":1,"twigs:bronzed_seashell":1,"minecraft:mossy_cobblestone":1,"minecraft:rotten_flesh":3,"farmersdelight:onion":3,"minecraft:gray_wool":1,"minecraft:oak_sapling":4,"minecraft:mutton":11,"minecraft:coal":17,"minecraft:white_wool":6,"minecraft:cobblestone":14},"minecraft:used":{"minecraft:cooked_mutton":2,"minecraft:stone_pickaxe":44,"delightful:cooked_goat":1,"minecraft:shield":1,"minecraft:iron_sword":45,"minecraft:torch":8,"farmersdelight:onion":8,"minecraft:white_carpet":1,"minecraft:crafting_table":1,"delightful:mini_melon":1,"minecraft:apple":1,"minecraft:stone_axe":1,"twigs:bronzed_seashell":2,"minecraft:furnace":1,"comforts:sleeping_bag_white":1}},"DataVersion":3465}