{"stats":{"minecraft:custom":{"minecraft:mob_kills":90,"minecraft:interact_with_crafting_table":27,"minecraft:open_barrel":19,"goblintraders:trade_with_goblin":7,"minecraft:bell_ring":1,"minecraft:leave_game":2,"minecraft:time_since_death":121066,"minecraft:climb_one_cm":11917,"minecraft:sprint_one_cm":545403,"minecraft:walk_one_cm":719811,"minecraft:damage_blocked_by_shield":590,"minecraft:drop":75,"minecraft:talked_to_villager":19,"minecraft:play_time":208196,"minecraft:deaths":15,"minecraft:sneak_time":2125,"minecraft:walk_under_water_one_cm":9277,"minecraft:jump":1815,"minecraft:interact_with_brewingstand":1,"minecraft:walk_on_water_one_cm":25148,"minecraft:total_world_time":208196,"minecraft:interact_with_furnace":29,"minecraft:pot_flower":1,"minecraft:sleep_in_bed":9,"minecraft:time_since_rest":80778,"minecraft:damage_taken":5994,"minecraft:damage_dealt":17226,"twilightforest:life_charms_activated":1,"minecraft:swim_one_cm":21564,"minecraft:fly_one_cm":230512,"minecraft:open_chest":128,"minecraft:crouch_one_cm":5757,"minecraft:fall_one_cm":35262},"minecraft:picked_up":{"quark:crimson_chest":1,"minecraft:charcoal":2,"minecraft:allium":10,"minecraft:crafting_table":5,"illagerinvasion:platinum_chunk":8,"minecraft:flower_pot":2,"minecraft:brown_mushroom":3,"minecraft:lead":1,"friendsandfoes:totem_of_illusion":2,"biomesoplenty:violet":1,"spawnersplus:spawner_fragment":1,"biomesoplenty:rainbow_birch_sapling":2,"minecraft:string":27,"minecraft:iron_axe":2,"minecraft:white_carpet":1,"minecraft:blue_orchid":1,"minecraft:cobbled_deepslate":30,"comforts:sleeping_bag_white":5,"delightful:acorn":11,"minecraft:rose_bush":1,"minecraft:iron_nugget":6,"minecraft:poppy":1,"minecraft:light_gray_wool":1,"minecraft:melon_slice":62,"delightful:green_tea_leaf":6,"minecraft:chest":4,"minecraft:iron_boots":1,"minecraft:furnace":2,"minecraft:dark_oak_sapling":40,"minecraft:raw_iron":39,"minecraft:stick":16,"delightful:raw_goat":1,"minecraft:copper_ingot":19,"minecraft:torch":25,"twigs:bamboo_leaves":31,"minecraft:diorite":1,"minecraft:carrot":10,"minecraft:redstone":63,"minecraft:arrow":32,"minecraft:rotten_flesh":18,"minecraft:decorated_pot":1,"farmersdelight:onion":3,"biomesoplenty:mahogany_sapling":3,"supplementaries:antique_ink":3,"minecraft:obsidian":14,"minecraft:mutton":15,"alexsmobs:flying_fish":3,"minecraft:white_wool":9,"minecraft:cobblestone":77,"minecraft:birch_log":5,"minecraft:enchanting_table":1,"minecraft:feather":2,"farmersdelight:onion_crate":1,"minecraft:glow_ink_sac":1,"minecraft:birch_slab":8,"minecraft:andesite":10,"minecraft:dark_oak_boat":1,"minecraft:red_mushroom":6,"minecraft:tuff":11,"minecraft:oak_log":65,"minecraft:gunpowder":4,"minecraft:lapis_lazuli":18,"minecraft:dirt":158,"minecraft:white_banner":1,"minecraft:name_tag":1,"minecraft:bone":12,"minecraft:red_carpet":12,"minecraft:apple":8,"minecraft:bow":3,"delightful:mini_melon":1,"minecraft:wheat_seeds":4,"minecraft:iron_ingot":22,"minecraft:bamboo":129,"minecraft:glass_bottle":1,"twigs:twig":31,"minecraft:iron_sword":1,"biomesoplenty:mahogany_planks":2,"minecraft:book":75,"minecraft:oak_slab":6,"minecraft:scaffolding":5,"minecraft:sand":2,"twigs:bronzed_seashell":1,"minecraft:jungle_planks":6,"minecraft:white_bed":2,"quark:oak_chest":5,"minecraft:dark_oak_log":403,"minecraft:mossy_cobblestone":1,"biomesoplenty:mahogany_log":24,"minecraft:yellow_carpet":3,"minecraft:diamond":17,"dragonmounts:dragon_egg":2,"minecraft:crossbow":2,"minecraft:granite":2,"minecraft:gray_wool":1,"minecraft:emerald":22,"twigs:rhyolite":14,"biomesoplenty:pink_daffodil":1,"minecraft:oak_sapling":20,"minecraft:light_gray_carpet":1,"minecraft:coal":74},"minecraft:killed":{"illagerinvasion:archivist":1,"minecraft:cave_spider":5,"minecraft:spider":1,"minecraft:vindicator":5,"quark:toretoise":1,"illagerinvasion:basher":1,"minecraft:skeleton":13,"minecraft:drowned":1,"dragonmounts:dragon":1,"minecraft:salmon":2,"minecraft:bat":1,"illagerinvasion:alchemist":1,"minecraft:creeper":3,"minecraft:sheep":11,"minecraft:pillager":17,"minecraft:goat":1,"minecraft:zombie":23},"minecraft:used":{"biomesoplenty:mahogany_planks":4,"farmersdelight:onion_crate":1,"minecraft:enchanting_table":2,"minecraft:iron_shovel":141,"minecraft:flint_and_steel":2,"delightful:cooked_goat":1,"minecraft:decorated_pot":1,"minecraft:chest":4,"minecraft:shield":15,"minecraft:iron_sword":390,"minecraft:torch":113,"minecraft:dirt":1,"minecraft:white_carpet":1,"minecraft:carrot":13,"minecraft:tuff":1,"minecraft:obsidian":10,"dragonmounts:dragon_egg":1,"minecraft:bookshelf":21,"minecraft:iron_axe":543,"minecraft:goat_horn":3,"minecraft:furnace":3,"comforts:sleeping_bag_white":5,"minecraft:cooked_mutton":6,"minecraft:water_bucket":1,"minecraft:stone_pickaxe":45,"biomesoplenty:rainbow_birch_sapling":1,"farmersdelight:onion":8,"minecraft:crafting_table":9,"minecraft:oak_slab":1,"minecraft:white_bed":2,"delightful:mini_melon":1,"minecraft:flower_pot":1,"minecraft:diamond_pickaxe":92,"minecraft:apple":1,"minecraft:bread":24,"minecraft:melon_slice":31,"minecraft:iron_pickaxe":154,"minecraft:stone_axe":1,"twigs:bronzed_seashell":2,"minecraft:cobblestone":16,"minecraft:bucket":2,"quark:oak_chest":9,"minecraft:experience_bottle":5},"minecraft:broken":{"minecraft:stone_pickaxe":1,"minecraft:iron_axe":3},"minecraft:killed_by":{"minecraft:pillager":1,"minecraft:enderman":1,"minecraft:vindicator":11,"minecraft:skeleton":1,"minecraft:zombie":1},"minecraft:dropped":{"minecraft:iron_sword":3,"minecraft:wheat_seeds":1,"minecraft:crafting_table":1,"minecraft:crossbow":1,"dragonmounts:dragon_egg":1,"minecraft:iron_helmet":1,"minecraft:cobblestone":5,"minecraft:granite":2,"minecraft:jungle_planks":2,"friendsandfoes:totem_of_illusion":2,"minecraft:emerald":2,"minecraft:dark_oak_log":1,"illagerinvasion:platinum_chunk":2,"minecraft:diorite":1,"minecraft:torch":71,"minecraft:dark_oak_fence":2,"minecraft:rose_bush":1,"minecraft:iron_leggings":1,"farmersdelight:onion":22,"minecraft:iron_axe":1,"minecraft:iron_pickaxe":2,"minecraft:bone":1,"twigs:rhyolite":14,"minecraft:stone_axe":1,"dragonmounts:spawn_egg":1,"minecraft:iron_nugget":5,"minecraft:cobbled_deepslate":4,"minecraft:light_gray_carpet":1,"minecraft:iron_boots":1,"minecraft:name_tag":1,"minecraft:cooked_mutton":8,"minecraft:carrot":5,"minecraft:flint_and_steel":1,"minecraft:poppy":1,"supplementaries:flax_seeds":20,"minecraft:shield":2,"minecraft:iron_chestplate":1,"minecraft:andesite":10,"minecraft:oak_sapling":1,"comforts:sleeping_bag_white":1},"minecraft:mined":{"minecraft:large_amethyst_bud":2,"minecraft:red_carpet":12,"minecraft:tuff":19,"minecraft:white_bed":2,"minecraft:mossy_cobblestone":1,"minecraft:deepslate_diamond_ore":17,"farmersdelight:wild_carrots":10,"minecraft:dark_oak_log":446,"minecraft:potted_blue_orchid":1,"minecraft:obsidian":14,"minecraft:granite":1,"minecraft:allium":3,"minecraft:grass_block":130,"minecraft:yellow_carpet":3,"minecraft:decorated_pot":1,"minecraft:jungle_planks":5,"twigs:twig":1,"minecraft:brown_mushroom_block":30,"minecraft:birch_slab":8,"minecraft:spawner":1,"minecraft:large_fern":1,"farmersdelight:wild_onions":3,"minecraft:furnace":2,"minecraft:iron_ore":31,"minecraft:fire":5,"minecraft:andesite":10,"twigs:bronzed_seashell":1,"minecraft:enchanting_table":1,"biomesoplenty:hanging_cobweb":3,"minecraft:bookshelf":25,"minecraft:deepslate_iron_ore":8,"minecraft:vine":4,"minecraft:small_amethyst_bud":2,"biomesoplenty:webbing":7,"minecraft:bamboo":12,"minecraft:stone":75,"biomesoplenty:spider_egg":2,"minecraft:deepslate_redstone_ore":15,"minecraft:oak_slab":6,"minecraft:light_gray_carpet":1,"minecraft:scaffolding":7,"minecraft:glass_pane":2,"quark:oak_chest":5,"minecraft:medium_amethyst_bud":1,"biomesoplenty:hanging_cobweb_strand":2,"minecraft:crafting_table":4,"minecraft:torch":2,"delightful:pumpkin_pie":1,"biomesoplenty:mahogany_planks":2,"minecraft:melon":11,"minecraft:chest":4,"minecraft:rose_bush":1,"minecraft:campfire":1,"minecraft:mushroom_stem":10,"farmersdelight:onion_crate":2,"biomesoplenty:high_grass_plant":1,"minecraft:tall_grass":6,"dragonmounts:dragon_egg":1,"minecraft:lapis_ore":3,"minecraft:sugar_cane":1,"minecraft:diorite":1,"minecraft:wall_torch":2,"supplementaries:urn":8,"minecraft:birch_log":5,"minecraft:white_carpet":1,"minecraft:potted_poppy":1,"minecraft:grass":26,"minecraft:oak_log":26,"minecraft:coal_ore":17,"delightful:mini_melon":1,"minecraft:sand":2,"minecraft:dirt":12,"biomesoplenty:stringy_cobweb":3,"minecraft:cobweb":25,"twigs:rhyolite":25,"minecraft:red_mushroom_block":29,"quark:crimson_chest":1,"minecraft:deepslate":34,"minecraft:fern":18},"minecraft:crafted":{"minecraft:oak_planks":340,"biomesoplenty:mahogany_planks":96,"comforts:sleeping_bag_white":2,"delightful:cooked_goat":1,"minecraft:furnace":2,"minecraft:bookshelf":21,"minecraft:cooked_mutton":8,"minecraft:iron_axe":4,"minecraft:crafting_table":5,"minecraft:enchanting_table":1,"minecraft:iron_helmet":1,"minecraft:iron_sword":3,"minecraft:bucket":1,"minecraft:air":0,"minecraft:iron_chestplate":2,"minecraft:diamond_pickaxe":1,"minecraft:shield":2,"minecraft:stick":150,"quark:oak_chest":4,"minecraft:iron_ingot":21,"minecraft:iron_pickaxe":2,"minecraft:iron_shovel":1,"minecraft:iron_leggings":1,"minecraft:torch":140}},"DataVersion":3465}