{"stats":{"minecraft:killed_by":{"minecraft:creeper":1,"minecraft:pillager":1,"quark:forgotten":1,"alexsmobs:murmur_head":1,"minecraft:vindicator":15,"minecraft:cave_spider":1,"minecraft:zombie":1,"alexsmobs:grizzly_bear":1,"minecraft:spider":1,"minecraft:enderman":1,"minecraft:skeleton":2},"minecraft:broken":{"minecraft:iron_shovel":1,"minecraft:stone_pickaxe":1,"quark:forgotten_hat":1,"minecraft:bow":1,"minecraft:stone_shovel":1,"minecraft:iron_axe":3},"minecraft:custom":{"minecraft:interact_with_crafting_table":87,"minecraft:open_barrel":31,"goblintraders:trade_with_goblin":7,"minecraft:bell_ring":1,"minecraft:leave_game":13,"minecraft:time_since_death":245727,"minecraft:sprint_one_cm":2116425,"minecraft:damage_blocked_by_shield":830,"minecraft:drop":171,"minecraft:talked_to_villager":22,"minecraft:play_time":931702,"minecraft:deaths":27,"minecraft:interact_with_brewingstand":2,"minecraft:jump":6694,"minecraft:walk_on_water_one_cm":198759,"minecraft:enchant_item":12,"minecraft:interact_with_furnace":116,"minecraft:play_record":1,"minecraft:sleep_in_bed":25,"minecraft:waystone_activated":1,"minecraft:damage_dealt":55627,"minecraft:crouch_one_cm":145935,"minecraft:horse_one_cm":118663,"minecraft:interact_with_smithing_table":1,"minecraft:interact_with_anvil":4,"minecraft:mob_kills":410,"minecraft:inspect_hopper":4,"minecraft:interact_with_campfire":2,"minecraft:climb_one_cm":112925,"minecraft:walk_one_cm":2583390,"minecraft:sneak_time":47512,"minecraft:walk_under_water_one_cm":223146,"minecraft:boat_one_cm":7640,"minecraft:total_world_time":931702,"minecraft:pot_flower":1,"minecraft:time_since_rest":92314,"minecraft:damage_taken":13147,"twilightforest:life_charms_activated":1,"minecraft:swim_one_cm":140032,"minecraft:fly_one_cm":6821312,"minecraft:open_chest":279,"minecraft:fall_one_cm":90212},"minecraft:dropped":{"minecraft:iron_sword":3,"minecraft:lapis_lazuli":94,"minecraft:diamond":1,"minecraft:crafting_table":1,"minecraft:crossbow":1,"minecraft:jungle_planks":2,"minecraft:saddle":2,"minecraft:emerald":2,"farmersdelight:beef_patty":1,"minecraft:rail":30,"friendsandfoes:totem_of_illusion":2,"minecraft:dirt":4,"minecraft:dark_oak_log":1,"minecraft:dark_oak_fence":2,"backpacked:backpack":1,"farmersdelight:onion":22,"minecraft:iron_pickaxe":2,"minecraft:fishing_rod":1,"minecraft:white_wool":2,"minecraft:bone":1,"minecraft:oak_door":3,"minecraft:stone_axe":1,"minecraft:iron_nugget":5,"minecraft:detector_rail":1,"minecraft:cobbled_deepslate":5,"delightful:roasted_acorn":13,"minecraft:rotten_flesh":3,"minecraft:light_gray_carpet":1,"minecraft:cooked_mutton":8,"minecraft:carrot":5,"minecraft:poppy":1,"supplementaries:flax_seeds":23,"minecraft:gunpowder":4,"minecraft:azalea":4,"comforts:sleeping_bag_white":1,"farmersdelight:tomato_seeds":8,"minecraft:wheat_seeds":10,"minecraft:diamond_leggings":1,"minecraft:lead":1,"dragonmounts:dragon_egg":2,"minecraft:iron_helmet":2,"minecraft:cobblestone":6,"minecraft:apple":34,"minecraft:granite":2,"minecraft:coal":5,"illagerinvasion:platinum_chunk":2,"minecraft:diorite":1,"minecraft:torch":111,"minecraft:rose_bush":1,"minecraft:diamond_helmet":1,"minecraft:iron_leggings":2,"minecraft:iron_axe":1,"minecraft:string":1,"minecraft:bucket":3,"minecraft:redstone":64,"twigs:rhyolite":14,"minecraft:furnace":1,"dragonmounts:spawn_egg":1,"minecraft:white_carpet":3,"minecraft:iron_boots":2,"minecraft:name_tag":1,"minecraft:flint_and_steel":1,"minecraft:diamond_sword":2,"minecraft:shield":3,"aether:chainmail_gloves":1,"minecraft:diamond_chestplate":1,"minecraft:diamond_pickaxe":3,"minecraft:iron_chestplate":2,"minecraft:andesite":10,"minecraft:oak_sapling":1,"minecraft:diamond_boots":1},"minecraft:crafted":{"minecraft:brick":64,"minecraft:oak_planks":496,"minecraft:cobblestone_slab":120,"storagenetwork:stock_upgrade":1,"minecraft:dark_oak_boat":1,"delightful:cooked_goat":1,"minecraft:stone":58,"minecraft:cobblestone_stairs":16,"minecraft:bookshelf":21,"minecraft:cooked_mutton":8,"minecraft:dark_oak_door":3,"minecraft:hopper":10,"minecraft:diamond_helmet":2,"minecraft:diamond_leggings":2,"minecraft:chest":2,"minecraft:bricks":11,"minecraft:oak_fence":6,"farmersdelight:stove":2,"minecraft:dropper":1,"minecraft:oak_slab":12,"storagenetwork:kabel":32,"minecraft:wooden_shovel":1,"minecraft:cooked_porkchop":21,"minecraft:crafting_table":9,"farmersdelight:iron_knife":1,"minecraft:baked_potato":28,"minecraft:iron_helmet":1,"storagenetwork:master":3,"minecraft:birch_planks":44,"minecraft:campfire":2,"farmersdelight:skillet":1,"farmersdelight:cutting_board":1,"minecraft:iron_chestplate":2,"minecraft:diamond_pickaxe":2,"minecraft:charcoal":29,"minecraft:shield":2,"minecraft:stick":262,"minecraft:stone_slab":114,"quark:oak_chest":14,"minecraft:iron_ingot":280,"minecraft:iron_pickaxe":2,"minecraft:iron_block":3,"minecraft:gold_ingot":44,"xpbook:xp_tome":2,"minecraft:oak_door":6,"minecraft:cobbled_deepslate_slab":54,"minecraft:stone_shovel":1,"minecraft:iron_nugget":9,"biomesoplenty:mahogany_planks":96,"comforts:sleeping_bag_white":2,"minecraft:furnace":5,"minecraft:oak_trapdoor":4,"minecraft:scaffolding":54,"quark:dark_oak_chest":28,"minecraft:iron_axe":4,"tradingpost:trading_post":1,"minecraft:diamond_boots":2,"twilightforest:canopy_planks":12,"backpacked:backpack":2,"minecraft:dark_oak_planks":296,"minecraft:cooked_beef":6,"minecraft:enchanting_table":1,"minecraft:iron_sword":3,"farmersdelight:cooking_pot":1,"minecraft:bucket":6,"minecraft:stone_axe":1,"minecraft:glowstone":13,"grassoverhaul:dirt_sod_slab":444,"minecraft:air":0,"storagenetwork:inventory":1,"minecraft:iron_shovel":1,"minecraft:iron_leggings":1,"minecraft:anvil":1,"minecraft:torch":516,"storagenetwork:import_kabel":4,"storagenetwork:storage_kabel":12,"farmersdelight:oak_cabinet":2,"minecraft:diamond_chestplate":2},"minecraft:killed":{"illagerinvasion:archivist":2,"twilightforest:boar":3,"minecraft:cave_spider":9,"minecraft:zombified_piglin":2,"minecraft:witch":1,"minecraft:spider":15,"illagerinvasion:basher":5,"quark:forgotten":1,"minecraft:skeleton":76,"friendsandfoes:glare":2,"minecraft:chicken":8,"illagerinvasion:provoker":7,"alexsmobs:straddler":3,"dragonmounts:dragon":1,"illagerinvasion:necromancer":2,"minecraft:piglin":2,"minecraft:pig":6,"minecraft:zombie_villager":3,"minecraft:salmon":7,"twilightforest:raven":1,"illagerinvasion:alchemist":3,"minecraft:creeper":50,"twilightforest:skeleton_druid":1,"minecraft:sheep":15,"minecraft:pillager":17,"minecraft:goat":1,"minecraft:zombie":105,"minecraft:cow":6,"twilightforest:deer":2,"minecraft:evoker":1,"minecraft:vindicator":12,"illagerinvasion:marauder":3,"quark:toretoise":1,"minecraft:slime":4,"twilightforest:swarm_spider":8,"minecraft:drowned":3,"minecraft:bat":1,"twilightforest:kobold":3,"twilightforest:wraith":2,"minecraft:wither_skeleton":1,"minecraft:enderman":5,"twilightforest:bighorn_sheep":6},"minecraft:used":{"minecraft:peony":2,"farmersdelight:onion_crate":1,"minecraft:iron_shovel":255,"farmersdelight:stove":2,"delightful:cooked_goat":1,"minecraft:chest":4,"minecraft:decorated_pot":1,"minecraft:shield":26,"minecraft:stone":1,"minecraft:iron_sword":457,"minecraft:carrot":15,"minecraft:allium":1,"minecraft:tuff":27,"minecraft:music_disc_13":1,"minecraft:axolotl_bucket":5,"minecraft:obsidian":10,"minecraft:lava_bucket":1,"storagenetwork:collector":1,"minecraft:bow":2,"farmersdelight:cutting_board":1,"minecraft:dark_oak_boat":1,"minecraft:scaffolding":76,"minecraft:furnace":7,"storagenetwork:storage_kabel":12,"quark:dark_oak_ladder":22,"minecraft:diamond_boots":1,"minecraft:diorite":37,"minecraft:stone_pickaxe":45,"minecraft:oak_planks":5,"minecraft:diamond_axe":562,"tradingpost:trading_post":1,"biomesoplenty:rainbow_birch_sapling":1,"minecraft:dark_oak_trapdoor":237,"minecraft:sand":14,"minecraft:mushroom_stew":4,"grassoverhaul:dirt_sod_slab":1492,"conjurer_illager:throwable_ball":1,"minecraft:bread":25,"minecraft:melon_slice":137,"minecraft:deepslate":58,"minecraft:lilac":1,"minecraft:diamond_sword":663,"storagenetwork:import_kabel":1,"minecraft:white_stained_glass":57,"minecraft:rose_bush":6,"minecraft:coarse_dirt":6,"twilightforest:canopy_planks":2,"minecraft:oak_fence":5,"minecraft:experience_bottle":5,"biomesoplenty:mahogany_planks":4,"minecraft:enchanting_table":2,"minecraft:flint_and_steel":2,"minecraft:white_tulip":1,"storagenetwork:kabel":7,"minecraft:stone_shovel":134,"minecraft:redstone":1,"storagenetwork:request":1,"minecraft:netherrack":129,"minecraft:oak_door":2,"minecraft:torch":591,"minecraft:dirt":292,"minecraft:anvil":1,"storagenetwork:inventory_remote":1,"minecraft:white_carpet":28,"minecraft:hopper":12,"twigs:rhyolite":45,"storagenetwork:exchange":3,"farmersdelight:rope":1,"delightful:roasted_acorn":15,"farmersdelight:oak_cabinet":2,"dragonmounts:dragon_egg":3,"minecraft:bookshelf":21,"chipped:glassblower":1,"minecraft:iron_axe":874,"storagenetwork:master":1,"blue_skies:dusk_trapdoor":1,"minecraft:glowstone":11,"minecraft:goat_horn":3,"farmersdelight:cooking_pot":1,"comforts:sleeping_bag_white":7,"minecraft:cooked_beef":6,"chipped:large_diamond_leaded_glass":2,"minecraft:cobbled_deepslate":1555,"minecraft:cooked_mutton":6,"alexsmobs:cooked_catfish":1,"minecraft:water_bucket":15,"minecraft:cobblestone_stairs":12,"storagenetwork:inventory":3,"farmersdelight:skillet":3,"minecraft:birch_planks":16,"minecraft:baked_potato":28,"minecraft:cobblestone_slab":187,"farmersdelight:onion":8,"minecraft:crafting_table":14,"minecraft:oak_slab":1,"minecraft:dark_oak_fence_gate":10,"minecraft:white_bed":5,"delightful:mini_melon":1,"minecraft:dark_oak_door":2,"minecraft:apple":43,"minecraft:flower_pot":1,"minecraft:diamond_pickaxe":3155,"minecraft:cornflower":1,"minecraft:diamond_shovel":444,"minecraft:iron_pickaxe":154,"minecraft:stone_slab":91,"chipped:clear_leaded_glass":328,"minecraft:stone_axe":129,"twigs:bronzed_seashell":2,"quark:dark_oak_chest":14,"minecraft:cobblestone":298,"minecraft:cooked_porkchop":1,"minecraft:cobbled_deepslate_slab":54,"twilightforest:raw_venison":9,"minecraft:bucket":19,"quark:oak_chest":13,"minecraft:jukebox":1,"minecraft:diamond_leggings":1},"minecraft:picked_up":{"minecraft:wheat":11,"illagerinvasion:platinum_chunk":8,"minecraft:anvil":1,"minecraft:flower_pot":3,"minecraft:stone_slab":1,"minecraft:smithing_table":1,"minecraft:lead":12,"minecraft:diamond_sword":1,"biomesoplenty:violet":1,"minecraft:wither_rose":1,"minecraft:potion":1,"minecraft:stone_brick_stairs":9,"spawnersplus:spawner_fragment":22,"biomesoplenty:rainbow_birch_sapling":2,"storagenetwork:exchange":3,"minecraft:raw_copper":109,"minecraft:string":119,"minecraft:dark_oak_trapdoor":4,"minecraft:cooked_salmon":1,"minecraft:sticky_piston":4,"tradingpost:trading_post":1,"minecraft:armor_stand":2,"minecraft:zombie_head":2,"minecraft:gold_nugget":12,"minecraft:cobbled_deepslate":1476,"delightful:acorn":27,"comforts:sleeping_bag_white":7,"twigs:pebble":12,"minecraft:white_tulip":1,"minecraft:rose_bush":7,"minecraft:cobblestone_slab":5,"minecraft:azalea":5,"minecraft:iron_pickaxe":1,"minecraft:melon_slice":72,"delightful:green_tea_leaf":14,"minecraft:mangrove_log":7,"minecraft:iron_boots":2,"minecraft:furnace":3,"minecraft:dark_oak_door":2,"minecraft:stick":16,"minecraft:jukebox":1,"minecraft:big_dripleaf":4,"minecraft:oak_fence":2,"twilightforest:cracked_etched_nagastone":3,"minecraft:torch":98,"conjurer_illager:throwable_ball":1,"minecraft:porkchop":29,"twigs:bamboo_leaves":31,"minecraft:diorite":43,"storagenetwork:collector":1,"minecraft:rotten_flesh":105,"minecraft:tropical_fish":1,"biomesoplenty:mahogany_sapling":3,"farmersdelight:onion":3,"aether:chainmail_gloves":1,"supplementaries:antique_ink":6,"farmersdelight:rope":1,"minecraft:mangrove_roots":23,"supplementaries:quiver":1,"supplementaries:ash":84,"minecraft:obsidian":14,"minecraft:iron_bars":1,"alexsmobs:flying_fish":3,"minecraft:cobblestone":439,"minecraft:birch_log":5,"minecraft:enchanting_table":1,"minecraft:lilac":1,"minecraft:feather":24,"farmersdelight:onion_crate":1,"twilightforest:twilight_oak_log":72,"minecraft:birch_slab":8,"minecraft:andesite":16,"minecraft:brown_wool":3,"twilightforest:twilight_oak_wood":1,"minecraft:dark_oak_boat":2,"minecraft:potato":1,"minecraft:flint":1,"minecraft:tuff":327,"supplementaries:flax_seeds":12,"twilightforest:mossy_nagastone_pillar":3,"minecraft:dirt":734,"minecraft:lapis_lazuli":680,"farmersdelight:tomato":1,"minecraft:name_tag":1,"twilightforest:canopy_sapling":16,"minecraft:bone":120,"farmersdelight:iron_knife":1,"minecraft:bow":9,"delightful:mini_melon":1,"minecraft:wheat_seeds":52,"minecraft:raw_gold":24,"twigs:twig":98,"minecraft:bamboo":129,"minecraft:mossy_stone_bricks":2,"minecraft:glowstone_dust":55,"minecraft:moss_block":40,"minecraft:mossy_stone_brick_stairs":1,"minecraft:oak_planks":6,"biomesoplenty:mahogany_planks":2,"minecraft:music_disc_13":1,"minecraft:sand":51,"twigs:azalea_flowers":2,"minecraft:jungle_planks":6,"twilightforest:canopy_log":30,"minecraft:dark_oak_log":1144,"minecraft:mossy_cobblestone":2,"minecraft:yellow_carpet":3,"minecraft:clay":5,"twilightforest:twilight_oak_sapling":1,"minecraft:diamond":82,"dragonmounts:dragon_egg":3,"minecraft:crossbow":2,"minecraft:granite":6,"minecraft:bone_meal":3,"minecraft:chainmail_helmet":2,"minecraft:emerald":67,"minecraft:light_gray_carpet":1,"biomesoplenty:pink_daffodil":1,"minecraft:oak_sapling":39,"twigs:rhyolite":63,"minecraft:netherrack":115,"twilightforest:torchberries":1,"minecraft:diamond_pickaxe":1,"quark:crimson_chest":2,"minecraft:mud":8,"minecraft:crafting_table":7,"minecraft:allium":11,"minecraft:charcoal":2,"minecraft:coarse_dirt":5,"twigs:petrified_lichen":1,"minecraft:chicken":17,"minecraft:ladder":5,"minecraft:clay_ball":282,"minecraft:brown_mushroom":15,"friendsandfoes:totem_of_illusion":2,"minecraft:yellow_candle":4,"minecraft:cornflower":1,"minecraft:moss_carpet":18,"minecraft:iron_axe":3,"minecraft:white_carpet":4,"minecraft:blue_orchid":1,"minecraft:cracked_stone_bricks":3,"farmersdelight:beef_patty":1,"minecraft:detector_rail":1,"twilightforest:nagastone_head":1,"minecraft:beef":21,"minecraft:iron_nugget":54,"minecraft:poppy":1,"minecraft:light_gray_wool":2,"minecraft:chest":5,"minecraft:egg":1,"minecraft:dark_oak_sapling":108,"minecraft:raw_iron":309,"minecraft:stone":8,"delightful:raw_goat":1,"minecraft:copper_ingot":19,"alexsmobs:straddlite":1,"minecraft:carrot":13,"minecraft:redstone":628,"twilightforest:firefly":1,"storagenetwork:inventory":2,"minecraft:arrow":96,"minecraft:cooked_cod":1,"minecraft:decorated_pot":1,"minecraft:peony":2,"delightful:roasted_acorn":28,"minecraft:saddle":1,"minecraft:totem_of_undying":1,"minecraft:glow_berries":4,"minecraft:mutton":46,"minecraft:white_wool":15,"minecraft:skeleton_skull":1,"minecraft:rail":15,"minecraft:basalt":7,"minecraft:glow_ink_sac":1,"minecraft:salmon":4,"minecraft:leather":23,"minecraft:red_mushroom":26,"minecraft:birch_planks":7,"minecraft:oak_log":99,"minecraft:chainmail_chestplate":2,"farmersdelight:salmon_slice":6,"minecraft:golden_boots":1,"minecraft:cobblestone_wall":2,"minecraft:gunpowder":22,"minecraft:cobblestone_stairs":28,"farmersdelight:skillet":2,"storagenetwork:import_kabel":1,"minecraft:paper":1,"minecraft:white_banner":1,"quark:forgotten_hat":1,"twilightforest:raw_venison":9,"minecraft:red_carpet":12,"minecraft:apple":17,"minecraft:stone_bricks":8,"minecraft:gray_carpet":2,"grassoverhaul:dirt_sod_slab":8,"minecraft:iron_ingot":23,"minecraft:glass_bottle":6,"minecraft:iron_sword":1,"minecraft:flowering_azalea":4,"minecraft:dark_oak_stairs":1,"minecraft:book":87,"minecraft:scaffolding":19,"minecraft:oak_slab":7,"twilightforest:nagastone_pillar":4,"quark:white_shard":4,"minecraft:pumpkin":1,"minecraft:chiseled_stone_bricks":7,"chipped:clear_leaded_glass":28,"minecraft:stone_brick_slab":1,"minecraft:red_wool":2,"minecraft:quartz":15,"minecraft:gravel":26,"minecraft:birch_stairs":1,"twigs:bronzed_seashell":1,"twilightforest:cracked_nagastone_pillar":7,"minecraft:white_bed":5,"minecraft:dark_oak_fence_gate":1,"quark:oak_chest":5,"minecraft:mossy_stone_brick_slab":1,"minecraft:spider_eye":34,"biomesoplenty:mahogany_log":24,"minecraft:slime_ball":6,"chipped:large_diamond_leaded_glass":2,"minecraft:iron_helmet":1,"minecraft:deepslate_redstone_ore":4,"minecraft:gray_wool":1,"minecraft:mossy_cobblestone_stairs":1,"farmersdelight:cooked_salmon_slice":6,"twilightforest:spiral_bricks":12,"storagenetwork:kabel":1,"minecraft:coal":305,"minecraft:hopper":1,"minecraft:ender_pearl":9},"minecraft:mined":{"chipped:large_diamond_leaded_glass":2,"minecraft:large_amethyst_bud":2,"storagenetwork:exchange":3,"minecraft:white_bed":5,"minecraft:cobblestone_stairs":25,"minecraft:potted_blue_orchid":1,"minecraft:obsidian":14,"minecraft:cave_vines_plant":2,"minecraft:granite":3,"minecraft:grass_block":493,"chipped:clear_leaded_glass":29,"minecraft:yellow_carpet":3,"twigs:twig":2,"minecraft:spawner":9,"minecraft:chiseled_stone_bricks":6,"minecraft:glowstone":19,"minecraft:dark_oak_trapdoor":5,"minecraft:cobbled_deepslate":41,"minecraft:iron_ore":124,"minecraft:sticky_piston":1,"minecraft:fire":5,"minecraft:pumpkin":1,"minecraft:anvil":1,"minecraft:deepslate_lapis_ore":33,"minecraft:dark_oak_stairs":1,"minecraft:enchanting_table":1,"biomesoplenty:hanging_cobweb":3,"minecraft:cave_vines":2,"biomesoplenty:webbing":7,"minecraft:small_amethyst_bud":2,"minecraft:iron_bars":2,"minecraft:azalea":5,"minecraft:azalea_leaves":1,"minecraft:piston_head":3,"minecraft:deepslate_redstone_ore":109,"biomesoplenty:glowworm_silk":2,"minecraft:medium_amethyst_bud":1,"storagenetwork:inventory":2,"biomesoplenty:hanging_cobweb_strand":2,"minecraft:clay":64,"twilightforest:torchberry_plant":1,"minecraft:torch":12,"delightful:pumpkin_pie":1,"diagonalfences:minecraft/oak_fence":2,"minecraft:melon":11,"minecraft:chest":5,"twilightforest:twilight_oak_log":6,"tradingpost:trading_post":1,"supplementaries:wild_flax":2,"minecraft:mushroom_stem":19,"minecraft:nether_quartz_ore":15,"minecraft:cobblestone":35,"minecraft:sugar_cane":1,"minecraft:oak_planks":6,"minecraft:wall_torch":10,"minecraft:deepslate_copper_ore":8,"storagenetwork:import_kabel":1,"minecraft:mud":1,"biomesoplenty:glowworm_silk_strand":1,"minecraft:birch_log":5,"minecraft:wheat":7,"minecraft:lilac":1,"minecraft:jukebox":1,"minecraft:potted_poppy":1,"minecraft:stone_brick_stairs":2,"minecraft:grass":146,"minecraft:oak_log":63,"delightful:mini_melon":1,"minecraft:sand":54,"minecraft:dirt":234,"minecraft:mangrove_log":13,"twigs:rhyolite":76,"minecraft:red_mushroom_block":30,"minecraft:netherrack":116,"minecraft:deepslate":1477,"minecraft:tuff":387,"minecraft:diamond_ore":5,"minecraft:red_carpet":12,"minecraft:mossy_cobblestone":1,"minecraft:potted_wither_rose":1,"minecraft:deepslate_diamond_ore":39,"farmersdelight:wild_carrots":10,"minecraft:dark_oak_log":1194,"minecraft:mangrove_roots":24,"minecraft:ladder":5,"minecraft:allium":4,"minecraft:yellow_candle":1,"minecraft:decorated_pot":1,"minecraft:jungle_planks":5,"minecraft:white_stained_glass":1,"minecraft:redstone_wire":2,"minecraft:brown_mushroom_block":92,"grassoverhaul:dirt_sod_slab":8,"minecraft:birch_slab":8,"storagenetwork:collector":1,"minecraft:moss_block":9,"minecraft:red_mushroom":1,"minecraft:large_fern":1,"farmersdelight:wild_onions":3,"minecraft:redstone_ore":15,"minecraft:furnace":3,"minecraft:dark_oak_fence_gate":1,"minecraft:andesite":15,"twigs:bronzed_seashell":1,"minecraft:peony":2,"minecraft:bookshelf":29,"farmersdelight:rope":1,"minecraft:deepslate_iron_ore":50,"minecraft:cobblestone_slab":6,"minecraft:vine":4,"minecraft:bamboo":12,"minecraft:white_tulip":1,"biomesoplenty:spider_egg":2,"minecraft:stone":401,"minecraft:white_wool":2,"minecraft:oak_slab":7,"minecraft:birch_stairs":1,"minecraft:light_gray_carpet":1,"minecraft:scaffolding":21,"minecraft:glass_pane":4,"quark:oak_chest":5,"minecraft:crafting_table":6,"minecraft:cornflower":1,"biomesoplenty:mahogany_planks":2,"minecraft:rose_bush":7,"minecraft:campfire":1,"farmersdelight:onion_crate":2,"minecraft:stone_slab":1,"biomesoplenty:high_grass_plant":1,"minecraft:copper_ore":3,"minecraft:tall_grass":26,"minecraft:deepslate_coal_ore":12,"minecraft:deepslate_gold_ore":2,"minecraft:lapis_ore":10,"dragonmounts:dragon_egg":2,"minecraft:diorite":64,"supplementaries:urn":50,"minecraft:birch_planks":8,"farmersdelight:skillet":2,"minecraft:coarse_dirt":5,"minecraft:cobblestone_wall":3,"minecraft:white_carpet":1,"minecraft:coal_ore":130,"minecraft:gravel":19,"minecraft:gray_carpet":2,"biomesoplenty:stringy_cobweb":3,"minecraft:cobweb":56,"minecraft:stone_bricks":3,"quark:crimson_chest":2,"storagenetwork:kabel":1,"minecraft:mossy_stone_bricks":1,"minecraft:gold_ore":6,"minecraft:fern":36}},"DataVersion":3465}