{"stats":{"minecraft:killed_by":{"minecraft:skeleton":1},"minecraft:custom":{"minecraft:open_barrel":4,"minecraft:time_since_rest":778,"minecraft:open_chest":7,"minecraft:deaths":1,"minecraft:damage_taken":250,"minecraft:play_time":13768,"minecraft:interact_with_furnace":4,"minecraft:sprint_one_cm":27213,"minecraft:walk_one_cm":27648,"minecraft:damage_blocked_by_shield":40,"minecraft:sneak_time":5,"minecraft:mob_kills":4,"minecraft:drop":1,"minecraft:jump":214,"minecraft:damage_dealt":1034,"minecraft:leave_game":1,"minecraft:time_since_death":749,"minecraft:total_world_time":13768,"minecraft:climb_one_cm":532,"minecraft:interact_with_crafting_table":3,"minecraft:fall_one_cm":2417,"minecraft:fly_one_cm":32362},"minecraft:mined":{"minecraft:coal_ore":14,"minecraft:stone":1},"minecraft:killed":{"minecraft:spider":1,"minecraft:zombie":3},"minecraft:crafted":{"minecraft:iron_sword":1,"delightful:cooked_goat":1,"minecraft:oak_planks":88,"minecraft:torch":56,"minecraft:shield":2,"minecraft:stick":18,"minecraft:iron_ingot":1,"minecraft:air":0},"minecraft:dropped":{"minecraft:shield":1},"minecraft:used":{"minecraft:stone_pickaxe":15,"minecraft:shield":1,"minecraft:iron_sword":19},"minecraft:picked_up":{"minecraft:rotten_flesh":3,"minecraft:coal":14,"minecraft:cobblestone":2}},"DataVersion":3465}