{"stats":{"minecraft:custom":{"minecraft:interact_with_crafting_table":87,"minecraft:open_barrel":30,"goblintraders:trade_with_goblin":7,"minecraft:bell_ring":1,"minecraft:leave_game":10,"minecraft:time_since_death":75743,"minecraft:sprint_one_cm":1932248,"minecraft:damage_blocked_by_shield":830,"minecraft:drop":164,"minecraft:talked_to_villager":22,"minecraft:play_time":761718,"minecraft:deaths":27,"minecraft:interact_with_brewingstand":2,"minecraft:jump":5935,"minecraft:walk_on_water_one_cm":177518,"minecraft:enchant_item":8,"minecraft:interact_with_furnace":107,"minecraft:play_record":1,"minecraft:sleep_in_bed":22,"minecraft:waystone_activated":1,"minecraft:damage_dealt":48629,"minecraft:crouch_one_cm":46272,"minecraft:horse_one_cm":118663,"minecraft:interact_with_smithing_table":1,"minecraft:interact_with_anvil":3,"minecraft:mob_kills":255,"minecraft:climb_one_cm":88927,"minecraft:walk_one_cm":2232616,"minecraft:sneak_time":19028,"minecraft:walk_under_water_one_cm":201070,"minecraft:total_world_time":761718,"minecraft:pot_flower":1,"minecraft:time_since_rest":37345,"minecraft:damage_taken":12562,"twilightforest:life_charms_activated":1,"minecraft:swim_one_cm":111282,"minecraft:fly_one_cm":3844460,"minecraft:open_chest":251,"minecraft:fall_one_cm":77897},"minecraft:picked_up":{"minecraft:wheat":1,"illagerinvasion:platinum_chunk":8,"minecraft:anvil":1,"minecraft:flower_pot":3,"minecraft:stone_slab":1,"minecraft:smithing_table":1,"minecraft:lead":8,"minecraft:diamond_sword":1,"biomesoplenty:violet":1,"minecraft:wither_rose":1,"spawnersplus:spawner_fragment":11,"biomesoplenty:rainbow_birch_sapling":2,"minecraft:string":103,"minecraft:raw_copper":109,"minecraft:sticky_piston":4,"minecraft:armor_stand":2,"minecraft:zombie_head":2,"minecraft:gold_nugget":7,"minecraft:cobbled_deepslate":1459,"delightful:acorn":27,"comforts:sleeping_bag_white":7,"twigs:pebble":12,"minecraft:white_tulip":1,"minecraft:rose_bush":7,"minecraft:cobblestone_slab":1,"minecraft:azalea":5,"minecraft:iron_pickaxe":1,"minecraft:melon_slice":62,"delightful:green_tea_leaf":13,"minecraft:mangrove_log":7,"minecraft:iron_boots":2,"minecraft:furnace":3,"minecraft:dark_oak_door":2,"minecraft:stick":16,"minecraft:jukebox":1,"minecraft:big_dripleaf":4,"minecraft:torch":96,"twigs:bamboo_leaves":31,"minecraft:porkchop":21,"minecraft:diorite":43,"minecraft:rotten_flesh":99,"minecraft:tropical_fish":1,"biomesoplenty:mahogany_sapling":3,"farmersdelight:onion":3,"aether:chainmail_gloves":1,"supplementaries:antique_ink":6,"farmersdelight:rope":1,"minecraft:mangrove_roots":23,"supplementaries:ash":84,"minecraft:obsidian":14,"minecraft:iron_bars":1,"alexsmobs:flying_fish":3,"minecraft:cobblestone":432,"minecraft:birch_log":5,"minecraft:enchanting_table":1,"minecraft:lilac":1,"farmersdelight:onion_crate":1,"minecraft:feather":2,"minecraft:birch_slab":8,"minecraft:andesite":16,"minecraft:dark_oak_boat":1,"minecraft:potato":1,"minecraft:flint":1,"minecraft:tuff":327,"supplementaries:flax_seeds":12,"minecraft:dirt":731,"minecraft:lapis_lazuli":680,"farmersdelight:tomato":1,"minecraft:name_tag":1,"minecraft:bone":116,"farmersdelight:iron_knife":1,"minecraft:bow":9,"delightful:mini_melon":1,"minecraft:wheat_seeds":50,"minecraft:raw_gold":24,"minecraft:bamboo":129,"minecraft:mossy_stone_bricks":1,"minecraft:glowstone_dust":53,"twigs:twig":85,"minecraft:moss_block":40,"minecraft:oak_planks":6,"biomesoplenty:mahogany_planks":2,"minecraft:music_disc_13":1,"minecraft:sand":51,"minecraft:jungle_planks":6,"twigs:azalea_flowers":2,"minecraft:dark_oak_log":1144,"minecraft:mossy_cobblestone":1,"minecraft:yellow_carpet":3,"minecraft:clay":5,"minecraft:diamond":71,"dragonmounts:dragon_egg":3,"minecraft:crossbow":2,"minecraft:granite":6,"minecraft:bone_meal":3,"minecraft:chainmail_helmet":2,"minecraft:emerald":65,"minecraft:light_gray_carpet":1,"biomesoplenty:pink_daffodil":1,"minecraft:oak_sapling":39,"twigs:rhyolite":63,"minecraft:netherrack":115,"minecraft:diamond_pickaxe":1,"quark:crimson_chest":2,"minecraft:mud":8,"minecraft:crafting_table":6,"minecraft:charcoal":2,"minecraft:allium":11,"minecraft:coarse_dirt":5,"twigs:petrified_lichen":1,"minecraft:ladder":5,"minecraft:clay_ball":282,"minecraft:brown_mushroom":15,"friendsandfoes:totem_of_illusion":2,"minecraft:yellow_candle":4,"minecraft:cornflower":1,"minecraft:moss_carpet":18,"minecraft:iron_axe":3,"minecraft:white_carpet":1,"minecraft:blue_orchid":1,"farmersdelight:beef_patty":1,"minecraft:detector_rail":1,"minecraft:beef":21,"minecraft:iron_nugget":54,"minecraft:poppy":1,"minecraft:light_gray_wool":1,"minecraft:chest":5,"minecraft:dark_oak_sapling":108,"minecraft:raw_iron":309,"minecraft:stone":8,"delightful:raw_goat":1,"minecraft:copper_ingot":19,"alexsmobs:straddlite":1,"minecraft:carrot":13,"minecraft:redstone":623,"storagenetwork:inventory":2,"minecraft:arrow":94,"minecraft:decorated_pot":1,"minecraft:peony":2,"delightful:roasted_acorn":28,"minecraft:saddle":1,"minecraft:totem_of_undying":1,"minecraft:glow_berries":4,"minecraft:mutton":27,"minecraft:white_wool":15,"minecraft:skeleton_skull":1,"minecraft:rail":15,"minecraft:basalt":7,"minecraft:glow_ink_sac":1,"minecraft:salmon":4,"minecraft:leather":16,"minecraft:red_mushroom":26,"minecraft:birch_planks":7,"minecraft:oak_log":99,"minecraft:chainmail_chestplate":2,"farmersdelight:salmon_slice":6,"minecraft:golden_boots":1,"minecraft:cobblestone_wall":2,"minecraft:gunpowder":14,"minecraft:cobblestone_stairs":25,"farmersdelight:skillet":2,"storagenetwork:import_kabel":1,"minecraft:paper":1,"minecraft:white_banner":1,"quark:forgotten_hat":1,"minecraft:red_carpet":12,"minecraft:apple":17,"minecraft:gray_carpet":2,"minecraft:stone_bricks":2,"grassoverhaul:dirt_sod_slab":8,"minecraft:iron_ingot":23,"minecraft:glass_bottle":6,"minecraft:iron_sword":1,"minecraft:flowering_azalea":4,"minecraft:dark_oak_stairs":1,"minecraft:book":87,"minecraft:scaffolding":19,"minecraft:oak_slab":7,"quark:white_shard":4,"minecraft:pumpkin":1,"minecraft:chiseled_stone_bricks":6,"chipped:clear_leaded_glass":28,"minecraft:quartz":15,"minecraft:gravel":26,"minecraft:birch_stairs":1,"twigs:bronzed_seashell":1,"minecraft:white_bed":2,"quark:oak_chest":5,"minecraft:spider_eye":24,"biomesoplenty:mahogany_log":24,"minecraft:slime_ball":6,"chipped:large_diamond_leaded_glass":2,"minecraft:iron_helmet":1,"minecraft:deepslate_redstone_ore":4,"minecraft:gray_wool":1,"farmersdelight:cooked_salmon_slice":6,"storagenetwork:kabel":1,"minecraft:coal":241,"minecraft:ender_pearl":7},"minecraft:killed":{"illagerinvasion:archivist":2,"minecraft:cave_spider":9,"minecraft:zombified_piglin":2,"minecraft:spider":15,"illagerinvasion:basher":5,"quark:forgotten":1,"minecraft:skeleton":36,"friendsandfoes:glare":2,"illagerinvasion:provoker":7,"alexsmobs:straddler":3,"dragonmounts:dragon":1,"illagerinvasion:necromancer":2,"minecraft:piglin":2,"minecraft:pig":6,"minecraft:salmon":7,"illagerinvasion:alchemist":3,"minecraft:creeper":8,"minecraft:sheep":15,"minecraft:pillager":17,"minecraft:goat":1,"minecraft:zombie":72,"minecraft:cow":6,"minecraft:evoker":1,"minecraft:vindicator":12,"illagerinvasion:marauder":3,"quark:toretoise":1,"minecraft:slime":4,"minecraft:drowned":2,"minecraft:bat":1,"minecraft:wither_skeleton":1,"minecraft:enderman":4},"minecraft:used":{"minecraft:peony":2,"farmersdelight:onion_crate":1,"minecraft:iron_shovel":255,"delightful:cooked_goat":1,"farmersdelight:stove":2,"minecraft:chest":4,"minecraft:decorated_pot":1,"minecraft:shield":26,"minecraft:stone":1,"minecraft:iron_sword":457,"minecraft:carrot":15,"minecraft:allium":1,"minecraft:tuff":27,"minecraft:music_disc_13":1,"minecraft:axolotl_bucket":5,"minecraft:obsidian":10,"minecraft:lava_bucket":1,"minecraft:bow":2,"farmersdelight:cutting_board":1,"minecraft:scaffolding":76,"minecraft:furnace":7,"storagenetwork:storage_kabel":12,"quark:dark_oak_ladder":16,"minecraft:diorite":3,"minecraft:stone_pickaxe":45,"minecraft:oak_planks":5,"minecraft:diamond_axe":562,"biomesoplenty:rainbow_birch_sapling":1,"minecraft:sand":14,"grassoverhaul:dirt_sod_slab":1492,"minecraft:bread":25,"minecraft:melon_slice":127,"minecraft:deepslate":58,"minecraft:lilac":1,"minecraft:diamond_sword":458,"storagenetwork:import_kabel":1,"minecraft:white_stained_glass":57,"minecraft:coarse_dirt":6,"minecraft:oak_fence":3,"minecraft:experience_bottle":5,"biomesoplenty:mahogany_planks":4,"minecraft:rose_bush":6,"minecraft:enchanting_table":2,"minecraft:flint_and_steel":2,"minecraft:white_tulip":1,"minecraft:stone_shovel":134,"minecraft:redstone":1,"storagenetwork:kabel":7,"minecraft:netherrack":129,"minecraft:oak_door":2,"minecraft:torch":579,"minecraft:dirt":292,"minecraft:anvil":1,"minecraft:white_carpet":1,"twigs:rhyolite":45,"farmersdelight:rope":1,"delightful:roasted_acorn":15,"farmersdelight:oak_cabinet":2,"dragonmounts:dragon_egg":3,"minecraft:bookshelf":21,"chipped:glassblower":1,"minecraft:iron_axe":864,"storagenetwork:master":1,"blue_skies:dusk_trapdoor":1,"minecraft:glowstone":11,"minecraft:goat_horn":3,"farmersdelight:cooking_pot":1,"comforts:sleeping_bag_white":7,"minecraft:cooked_beef":6,"chipped:large_diamond_leaded_glass":2,"minecraft:cobbled_deepslate":106,"minecraft:cooked_mutton":6,"minecraft:water_bucket":8,"storagenetwork:inventory":3,"farmersdelight:skillet":3,"minecraft:birch_planks":16,"minecraft:baked_potato":28,"minecraft:cobblestone_slab":121,"farmersdelight:onion":8,"minecraft:crafting_table":14,"minecraft:oak_slab":1,"minecraft:white_bed":2,"delightful:mini_melon":1,"minecraft:dark_oak_door":2,"minecraft:apple":41,"minecraft:flower_pot":1,"minecraft:diamond_pickaxe":3060,"minecraft:cornflower":1,"minecraft:diamond_shovel":444,"minecraft:iron_pickaxe":154,"minecraft:stone_slab":91,"chipped:clear_leaded_glass":328,"minecraft:stone_axe":129,"twigs:bronzed_seashell":2,"quark:dark_oak_chest":12,"minecraft:cobblestone":170,"minecraft:cobbled_deepslate_slab":54,"minecraft:bucket":16,"quark:oak_chest":13,"minecraft:jukebox":1},"minecraft:killed_by":{"minecraft:creeper":1,"minecraft:pillager":1,"quark:forgotten":1,"alexsmobs:murmur_head":1,"minecraft:vindicator":15,"minecraft:cave_spider":1,"minecraft:zombie":1,"alexsmobs:grizzly_bear":1,"minecraft:spider":1,"minecraft:enderman":1,"minecraft:skeleton":2},"minecraft:broken":{"minecraft:iron_shovel":1,"minecraft:stone_pickaxe":1,"quark:forgotten_hat":1,"minecraft:bow":1,"minecraft:stone_shovel":1,"minecraft:iron_axe":3},"minecraft:dropped":{"minecraft:iron_sword":3,"minecraft:lapis_lazuli":39,"minecraft:diamond":1,"minecraft:crafting_table":1,"minecraft:crossbow":1,"minecraft:jungle_planks":2,"minecraft:saddle":2,"minecraft:emerald":2,"farmersdelight:beef_patty":1,"minecraft:rail":30,"friendsandfoes:totem_of_illusion":2,"minecraft:dirt":4,"minecraft:dark_oak_log":1,"minecraft:dark_oak_fence":2,"backpacked:backpack":1,"farmersdelight:onion":22,"minecraft:iron_pickaxe":2,"minecraft:fishing_rod":1,"minecraft:white_wool":2,"minecraft:bone":1,"minecraft:oak_door":3,"minecraft:stone_axe":1,"minecraft:iron_nugget":5,"minecraft:detector_rail":1,"minecraft:cobbled_deepslate":4,"delightful:roasted_acorn":13,"minecraft:rotten_flesh":3,"minecraft:light_gray_carpet":1,"minecraft:cooked_mutton":8,"minecraft:carrot":5,"minecraft:poppy":1,"supplementaries:flax_seeds":23,"minecraft:gunpowder":4,"minecraft:azalea":4,"comforts:sleeping_bag_white":1,"farmersdelight:tomato_seeds":8,"minecraft:wheat_seeds":10,"minecraft:diamond_leggings":1,"minecraft:lead":1,"dragonmounts:dragon_egg":2,"minecraft:iron_helmet":2,"minecraft:cobblestone":5,"minecraft:apple":34,"minecraft:granite":2,"minecraft:coal":5,"illagerinvasion:platinum_chunk":2,"minecraft:diorite":1,"minecraft:torch":111,"minecraft:rose_bush":1,"minecraft:diamond_helmet":1,"minecraft:iron_leggings":2,"minecraft:iron_axe":1,"minecraft:string":1,"minecraft:bucket":2,"minecraft:redstone":64,"twigs:rhyolite":14,"minecraft:furnace":1,"dragonmounts:spawn_egg":1,"minecraft:iron_boots":2,"minecraft:name_tag":1,"minecraft:flint_and_steel":1,"minecraft:diamond_sword":2,"minecraft:shield":3,"aether:chainmail_gloves":1,"minecraft:diamond_chestplate":1,"minecraft:diamond_pickaxe":3,"minecraft:iron_chestplate":2,"minecraft:andesite":10,"minecraft:oak_sapling":1,"minecraft:diamond_boots":1},"minecraft:mined":{"minecraft:large_amethyst_bud":2,"chipped:large_diamond_leaded_glass":2,"minecraft:white_bed":2,"minecraft:cobblestone_stairs":25,"minecraft:potted_blue_orchid":1,"minecraft:obsidian":14,"minecraft:granite":3,"minecraft:cave_vines_plant":2,"minecraft:grass_block":491,"chipped:clear_leaded_glass":29,"minecraft:yellow_carpet":3,"twigs:twig":2,"minecraft:spawner":6,"minecraft:chiseled_stone_bricks":6,"minecraft:glowstone":19,"minecraft:cobbled_deepslate":6,"minecraft:sticky_piston":1,"minecraft:iron_ore":124,"minecraft:fire":5,"minecraft:pumpkin":1,"minecraft:anvil":1,"minecraft:deepslate_lapis_ore":33,"minecraft:enchanting_table":1,"minecraft:dark_oak_stairs":1,"biomesoplenty:hanging_cobweb":3,"minecraft:cave_vines":2,"biomesoplenty:webbing":7,"minecraft:small_amethyst_bud":2,"minecraft:iron_bars":2,"minecraft:azalea":5,"minecraft:azalea_leaves":1,"minecraft:piston_head":3,"minecraft:deepslate_redstone_ore":109,"biomesoplenty:glowworm_silk":2,"minecraft:medium_amethyst_bud":1,"storagenetwork:inventory":2,"biomesoplenty:hanging_cobweb_strand":2,"minecraft:clay":64,"minecraft:torch":10,"delightful:pumpkin_pie":1,"minecraft:melon":11,"minecraft:chest":5,"supplementaries:wild_flax":2,"minecraft:mushroom_stem":19,"minecraft:nether_quartz_ore":15,"minecraft:cobblestone":31,"minecraft:sugar_cane":1,"minecraft:oak_planks":6,"minecraft:wall_torch":10,"minecraft:deepslate_copper_ore":8,"storagenetwork:import_kabel":1,"minecraft:mud":1,"biomesoplenty:glowworm_silk_strand":1,"minecraft:birch_log":5,"minecraft:wheat":7,"minecraft:lilac":1,"minecraft:jukebox":1,"minecraft:potted_poppy":1,"minecraft:grass":124,"minecraft:oak_log":63,"delightful:mini_melon":1,"minecraft:sand":54,"minecraft:dirt":232,"minecraft:mangrove_log":13,"twigs:rhyolite":76,"minecraft:red_mushroom_block":30,"minecraft:netherrack":116,"minecraft:deepslate":1477,"minecraft:red_carpet":12,"minecraft:tuff":387,"minecraft:mossy_cobblestone":1,"minecraft:potted_wither_rose":1,"minecraft:deepslate_diamond_ore":39,"farmersdelight:wild_carrots":10,"minecraft:dark_oak_log":1194,"minecraft:mangrove_roots":24,"minecraft:ladder":5,"minecraft:allium":4,"minecraft:yellow_candle":1,"minecraft:decorated_pot":1,"minecraft:jungle_planks":5,"minecraft:white_stained_glass":1,"minecraft:redstone_wire":2,"minecraft:brown_mushroom_block":92,"grassoverhaul:dirt_sod_slab":8,"minecraft:birch_slab":8,"minecraft:moss_block":9,"minecraft:red_mushroom":1,"minecraft:large_fern":1,"farmersdelight:wild_onions":3,"minecraft:redstone_ore":15,"minecraft:furnace":3,"minecraft:andesite":15,"twigs:bronzed_seashell":1,"minecraft:peony":2,"minecraft:bookshelf":29,"farmersdelight:rope":1,"minecraft:deepslate_iron_ore":50,"minecraft:cobblestone_slab":1,"minecraft:vine":4,"minecraft:bamboo":12,"minecraft:white_tulip":1,"biomesoplenty:spider_egg":2,"minecraft:stone":397,"minecraft:white_wool":2,"minecraft:oak_slab":7,"minecraft:birch_stairs":1,"minecraft:light_gray_carpet":1,"minecraft:scaffolding":21,"minecraft:glass_pane":4,"quark:oak_chest":5,"minecraft:crafting_table":5,"minecraft:cornflower":1,"biomesoplenty:mahogany_planks":2,"minecraft:rose_bush":7,"minecraft:campfire":1,"farmersdelight:onion_crate":2,"minecraft:stone_slab":1,"biomesoplenty:high_grass_plant":1,"minecraft:tall_grass":24,"minecraft:copper_ore":3,"minecraft:deepslate_coal_ore":12,"minecraft:deepslate_gold_ore":2,"minecraft:lapis_ore":10,"dragonmounts:dragon_egg":2,"minecraft:diorite":64,"supplementaries:urn":50,"minecraft:birch_planks":8,"farmersdelight:skillet":2,"minecraft:coarse_dirt":5,"minecraft:cobblestone_wall":3,"minecraft:white_carpet":1,"minecraft:coal_ore":101,"minecraft:gravel":19,"minecraft:gray_carpet":2,"biomesoplenty:stringy_cobweb":3,"minecraft:cobweb":56,"quark:crimson_chest":2,"minecraft:stone_bricks":2,"storagenetwork:kabel":1,"minecraft:mossy_stone_bricks":1,"minecraft:gold_ore":6,"minecraft:fern":36},"minecraft:crafted":{"minecraft:brick":64,"minecraft:oak_planks":496,"minecraft:cobblestone_slab":120,"storagenetwork:stock_upgrade":1,"delightful:cooked_goat":1,"minecraft:stone":58,"minecraft:bookshelf":21,"minecraft:cooked_mutton":8,"minecraft:dark_oak_door":3,"minecraft:hopper":1,"minecraft:diamond_helmet":2,"minecraft:diamond_leggings":2,"minecraft:chest":2,"minecraft:bricks":11,"minecraft:oak_fence":6,"farmersdelight:stove":2,"minecraft:dropper":1,"minecraft:oak_slab":12,"storagenetwork:kabel":32,"minecraft:wooden_shovel":1,"minecraft:crafting_table":9,"farmersdelight:iron_knife":1,"minecraft:baked_potato":28,"minecraft:iron_helmet":1,"storagenetwork:master":1,"minecraft:birch_planks":44,"minecraft:campfire":2,"farmersdelight:skillet":1,"farmersdelight:cutting_board":1,"minecraft:iron_chestplate":2,"minecraft:diamond_pickaxe":2,"minecraft:charcoal":29,"minecraft:shield":2,"minecraft:stick":262,"minecraft:stone_slab":114,"quark:oak_chest":14,"minecraft:iron_ingot":280,"minecraft:iron_pickaxe":2,"minecraft:iron_block":3,"minecraft:gold_ingot":44,"xpbook:xp_tome":1,"minecraft:oak_door":6,"minecraft:cobbled_deepslate_slab":54,"minecraft:stone_shovel":1,"minecraft:iron_nugget":9,"biomesoplenty:mahogany_planks":96,"comforts:sleeping_bag_white":2,"minecraft:furnace":5,"minecraft:oak_trapdoor":4,"minecraft:scaffolding":54,"quark:dark_oak_chest":12,"minecraft:iron_axe":4,"minecraft:diamond_boots":2,"backpacked:backpack":2,"minecraft:dark_oak_planks":296,"minecraft:cooked_beef":6,"minecraft:enchanting_table":1,"minecraft:iron_sword":3,"farmersdelight:cooking_pot":1,"minecraft:bucket":6,"minecraft:stone_axe":1,"minecraft:glowstone":13,"grassoverhaul:dirt_sod_slab":444,"minecraft:air":0,"storagenetwork:inventory":1,"minecraft:iron_shovel":1,"minecraft:iron_leggings":1,"minecraft:anvil":1,"minecraft:torch":516,"storagenetwork:import_kabel":4,"storagenetwork:storage_kabel":12,"farmersdelight:oak_cabinet":2,"minecraft:diamond_chestplate":2}},"DataVersion":3465}