{"stats":{"minecraft:killed_by":{"minecraft:pillager":1,"minecraft:enderman":1,"minecraft:vindicator":11,"minecraft:skeleton":1,"minecraft:zombie":1},"minecraft:custom":{"minecraft:mob_kills":49,"minecraft:interact_with_crafting_table":11,"minecraft:open_barrel":14,"minecraft:bell_ring":1,"minecraft:leave_game":1,"minecraft:time_since_death":22638,"minecraft:climb_one_cm":6667,"minecraft:sprint_one_cm":316723,"minecraft:walk_one_cm":381105,"minecraft:damage_blocked_by_shield":310,"minecraft:drop":44,"minecraft:talked_to_villager":19,"minecraft:play_time":109768,"minecraft:deaths":15,"minecraft:sneak_time":696,"minecraft:walk_under_water_one_cm":7793,"minecraft:jump":1151,"minecraft:interact_with_brewingstand":1,"minecraft:walk_on_water_one_cm":12374,"minecraft:total_world_time":109768,"minecraft:interact_with_furnace":24,"minecraft:pot_flower":1,"minecraft:sleep_in_bed":7,"minecraft:time_since_rest":10671,"minecraft:damage_taken":4650,"minecraft:damage_dealt":8998,"minecraft:swim_one_cm":12732,"minecraft:fly_one_cm":171744,"minecraft:open_chest":56,"minecraft:crouch_one_cm":2153,"minecraft:fall_one_cm":24989},"minecraft:broken":{"minecraft:stone_pickaxe":1,"minecraft:iron_axe":1},"minecraft:mined":{"minecraft:white_bed":2,"minecraft:mossy_cobblestone":1,"farmersdelight:wild_carrots":10,"minecraft:dark_oak_log":2,"minecraft:potted_blue_orchid":1,"minecraft:allium":3,"minecraft:grass_block":3,"minecraft:decorated_pot":1,"twigs:twig":1,"minecraft:birch_slab":8,"farmersdelight:wild_onions":3,"minecraft:furnace":1,"minecraft:iron_ore":9,"minecraft:fire":4,"twigs:bronzed_seashell":1,"minecraft:bookshelf":25,"minecraft:bamboo":12,"minecraft:stone":15,"minecraft:light_gray_carpet":1,"minecraft:scaffolding":7,"minecraft:glass_pane":2,"quark:oak_chest":3,"minecraft:crafting_table":1,"delightful:pumpkin_pie":1,"minecraft:chest":4,"minecraft:rose_bush":1,"minecraft:campfire":1,"biomesoplenty:high_grass_plant":1,"minecraft:mushroom_stem":5,"farmersdelight:onion_crate":2,"minecraft:tall_grass":5,"minecraft:sugar_cane":1,"minecraft:white_carpet":1,"minecraft:grass":15,"minecraft:coal_ore":17,"delightful:mini_melon":1,"minecraft:red_mushroom_block":29,"quark:crimson_chest":1,"minecraft:fern":4},"minecraft:killed":{"illagerinvasion:archivist":1,"minecraft:spider":1,"minecraft:vindicator":4,"illagerinvasion:basher":1,"minecraft:skeleton":1,"minecraft:drowned":1,"minecraft:salmon":2,"illagerinvasion:alchemist":1,"minecraft:creeper":3,"minecraft:sheep":11,"minecraft:pillager":15,"minecraft:goat":1,"minecraft:zombie":7},"minecraft:crafted":{"minecraft:oak_planks":252,"comforts:sleeping_bag_white":2,"delightful:cooked_goat":1,"minecraft:furnace":1,"minecraft:cooked_mutton":8,"minecraft:crafting_table":3,"minecraft:iron_helmet":1,"minecraft:iron_sword":1,"minecraft:air":0,"minecraft:shield":2,"minecraft:stick":18,"quark:oak_chest":4,"minecraft:iron_ingot":6,"minecraft:torch":56},"minecraft:dropped":{"minecraft:iron_sword":1,"minecraft:iron_helmet":1,"friendsandfoes:totem_of_illusion":2,"minecraft:emerald":2,"minecraft:dark_oak_log":1,"minecraft:dark_oak_fence":2,"minecraft:rose_bush":1,"minecraft:iron_leggings":1,"farmersdelight:onion":22,"minecraft:stone_axe":1,"minecraft:iron_nugget":5,"minecraft:iron_boots":1,"minecraft:cooked_mutton":8,"minecraft:carrot":5,"minecraft:flint_and_steel":1,"minecraft:shield":2,"minecraft:oak_sapling":1,"comforts:sleeping_bag_white":1},"minecraft:used":{"farmersdelight:onion_crate":1,"delightful:cooked_goat":1,"minecraft:decorated_pot":1,"minecraft:chest":4,"minecraft:shield":9,"minecraft:iron_sword":194,"minecraft:torch":16,"minecraft:white_carpet":1,"minecraft:carrot":13,"minecraft:iron_axe":18,"minecraft:furnace":2,"minecraft:goat_horn":3,"comforts:sleeping_bag_white":4,"minecraft:cooked_mutton":6,"minecraft:stone_pickaxe":45,"farmersdelight:onion":8,"minecraft:crafting_table":3,"minecraft:white_bed":2,"delightful:mini_melon":1,"minecraft:flower_pot":1,"minecraft:apple":1,"minecraft:bread":5,"minecraft:stone_axe":1,"twigs:bronzed_seashell":2,"quark:oak_chest":7,"minecraft:experience_bottle":2},"minecraft:picked_up":{"quark:crimson_chest":1,"minecraft:charcoal":2,"minecraft:crafting_table":1,"minecraft:allium":10,"illagerinvasion:platinum_chunk":6,"minecraft:flower_pot":1,"friendsandfoes:totem_of_illusion":2,"biomesoplenty:violet":1,"minecraft:iron_axe":1,"minecraft:white_carpet":1,"minecraft:blue_orchid":1,"comforts:sleeping_bag_white":4,"delightful:acorn":6,"minecraft:rose_bush":1,"minecraft:iron_nugget":6,"minecraft:light_gray_wool":1,"delightful:green_tea_leaf":2,"minecraft:chest":4,"minecraft:furnace":1,"minecraft:iron_boots":1,"minecraft:stick":16,"minecraft:raw_iron":8,"delightful:raw_goat":1,"minecraft:copper_ingot":19,"twigs:bamboo_leaves":31,"minecraft:carrot":10,"minecraft:arrow":19,"minecraft:rotten_flesh":3,"minecraft:decorated_pot":1,"biomesoplenty:mahogany_sapling":3,"farmersdelight:onion":3,"minecraft:mutton":15,"alexsmobs:flying_fish":3,"minecraft:white_wool":9,"minecraft:cobblestone":14,"minecraft:feather":2,"farmersdelight:onion_crate":1,"minecraft:glow_ink_sac":1,"minecraft:birch_slab":8,"minecraft:dark_oak_boat":1,"minecraft:red_mushroom":6,"minecraft:oak_log":39,"minecraft:gunpowder":4,"minecraft:dirt":26,"minecraft:white_banner":1,"minecraft:bone":2,"minecraft:apple":1,"minecraft:bow":1,"delightful:mini_melon":1,"minecraft:wheat_seeds":2,"minecraft:iron_ingot":2,"minecraft:bamboo":129,"minecraft:glass_bottle":1,"twigs:twig":1,"minecraft:book":75,"minecraft:scaffolding":5,"twigs:bronzed_seashell":1,"minecraft:white_bed":2,"quark:oak_chest":3,"minecraft:dark_oak_log":2,"minecraft:mossy_cobblestone":1,"biomesoplenty:mahogany_log":24,"minecraft:crossbow":2,"minecraft:gray_wool":1,"minecraft:emerald":18,"biomesoplenty:pink_daffodil":1,"minecraft:oak_sapling":18,"minecraft:light_gray_carpet":1,"minecraft:coal":47}},"DataVersion":3465}