{"stats":{"minecraft:killed_by":{"minecraft:pillager":1,"minecraft:vindicator":15,"minecraft:zombie":1,"alexsmobs:grizzly_bear":1,"minecraft:creeper":1,"quark:forgotten":1,"alexsmobs:murmur_head":1,"minecraft:cave_spider":1,"minecraft:spider":1,"minecraft:enderman":1,"minecraft:skeleton":2},"minecraft:broken":{"quark:forgotten_hat":1,"minecraft:bow":1,"minecraft:iron_axe":3,"minecraft:iron_shovel":1,"minecraft:stone_pickaxe":1,"minecraft:stone_shovel":1},"minecraft:custom":{"minecraft:interact_with_crafting_table":87,"minecraft:open_barrel":31,"goblintraders:trade_with_goblin":7,"minecraft:bell_ring":1,"minecraft:leave_game":14,"minecraft:time_since_death":8429,"minecraft:damage_blocked_by_shield":830,"minecraft:play_time":981321,"minecraft:deaths":29,"minecraft:jump":6960,"minecraft:enchant_item":12,"minecraft:interact_with_furnace":122,"minecraft:play_record":1,"minecraft:sleep_in_bed":25,"minecraft:waystone_activated":1,"minecraft:damage_dealt":73177,"minecraft:horse_one_cm":118663,"minecraft:interact_with_smithing_table":1,"minecraft:interact_with_anvil":4,"minecraft:inspect_hopper":4,"twilightforest:keeping_charms_activated":1,"minecraft:sneak_time":48291,"minecraft:total_world_time":981321,"minecraft:time_since_rest":8472,"twilightforest:life_charms_activated":1,"minecraft:swim_one_cm":141741,"minecraft:fly_one_cm":9704874,"minecraft:open_chest":283,"minecraft:fall_one_cm":96233,"minecraft:sprint_one_cm":2210296,"minecraft:drop":208,"minecraft:talked_to_villager":22,"minecraft:interact_with_brewingstand":2,"minecraft:walk_on_water_one_cm":198883,"minecraft:crouch_one_cm":147491,"minecraft:mob_kills":516,"minecraft:interact_with_campfire":2,"minecraft:climb_one_cm":122417,"minecraft:walk_one_cm":2870667,"minecraft:walk_under_water_one_cm":226323,"minecraft:boat_one_cm":7640,"minecraft:pot_flower":1,"minecraft:damage_taken":15906},"minecraft:dropped":{"minecraft:iron_sword":3,"minecraft:lapis_lazuli":94,"minecraft:diamond":1,"minecraft:crafting_table":1,"minecraft:cooked_porkchop":11,"minecraft:crossbow":1,"minecraft:saddle":2,"xpbook:xp_tome":2,"minecraft:rail":30,"farmersdelight:beef_patty":1,"friendsandfoes:totem_of_illusion":2,"minecraft:emerald":2,"minecraft:dirt":4,"minecraft:dark_oak_fence":2,"backpacked:backpack":1,"minecraft:iron_pickaxe":2,"minecraft:fishing_rod":1,"minecraft:white_wool":2,"minecraft:bone":1,"minecraft:oak_door":3,"minecraft:stone_axe":1,"minecraft:iron_nugget":5,"minecraft:cooked_chicken":10,"minecraft:detector_rail":1,"minecraft:cobbled_deepslate":5,"minecraft:rotten_flesh":3,"minecraft:light_gray_carpet":1,"supplementaries:flax_seeds":23,"farmersdelight:tomato_seeds":8,"twilightforest:charm_of_keeping_1":1,"minecraft:wheat_seeds":10,"minecraft:iron_helmet":2,"minecraft:cobblestone":6,"minecraft:apple":34,"minecraft:granite":2,"minecraft:coal":5,"minecraft:rose_bush":1,"minecraft:diamond_helmet":1,"minecraft:string":1,"twigs:rhyolite":14,"minecraft:furnace":1,"dragonmounts:spawn_egg":1,"minecraft:white_carpet":3,"minecraft:iron_boots":2,"minecraft:name_tag":1,"minecraft:diamond_sword":2,"minecraft:diamond_pickaxe":4,"minecraft:jungle_planks":2,"minecraft:dark_oak_log":1,"farmersdelight:onion":22,"delightful:roasted_acorn":13,"minecraft:cooked_mutton":17,"minecraft:carrot":5,"minecraft:poppy":1,"minecraft:gunpowder":4,"minecraft:azalea":4,"comforts:sleeping_bag_white":1,"twilightforest:filled_magic_map":1,"minecraft:diamond_leggings":1,"dragonmounts:dragon_egg":2,"minecraft:lead":1,"illagerinvasion:platinum_chunk":2,"minecraft:diorite":1,"minecraft:torch":111,"minecraft:iron_leggings":2,"minecraft:iron_axe":1,"minecraft:bucket":3,"minecraft:redstone":64,"minecraft:flint_and_steel":1,"minecraft:shield":4,"aether:iron_gloves":1,"minecraft:diamond_chestplate":1,"aether:chainmail_gloves":1,"minecraft:iron_chestplate":2,"minecraft:andesite":10,"minecraft:oak_sapling":1,"minecraft:diamond_boots":1},"minecraft:crafted":{"storagenetwork:stock_upgrade":1,"minecraft:bookshelf":21,"minecraft:cooked_mutton":27,"minecraft:diamond_helmet":2,"minecraft:diamond_leggings":2,"storagenetwork:kabel":32,"minecraft:wooden_shovel":1,"minecraft:cooked_porkchop":21,"farmersdelight:iron_knife":1,"minecraft:campfire":2,"minecraft:stone_slab":114,"quark:oak_chest":14,"minecraft:iron_pickaxe":2,"minecraft:iron_block":3,"minecraft:gold_ingot":44,"minecraft:stone_shovel":1,"minecraft:iron_nugget":9,"comforts:sleeping_bag_white":2,"twilightforest:twilight_oak_planks":252,"tradingpost:trading_post":1,"minecraft:diamond_boots":2,"twilightforest:canopy_planks":12,"minecraft:dark_oak_planks":296,"minecraft:enchanting_table":1,"farmersdelight:cooking_pot":1,"minecraft:glowstone":13,"storagenetwork:inventory":1,"minecraft:iron_shovel":1,"minecraft:iron_leggings":1,"storagenetwork:import_kabel":4,"storagenetwork:storage_kabel":12,"farmersdelight:oak_cabinet":2,"minecraft:brick":64,"minecraft:oak_planks":496,"minecraft:cobblestone_slab":120,"minecraft:dark_oak_boat":1,"minecraft:cooked_chicken":17,"delightful:cooked_goat":1,"minecraft:cobblestone_stairs":16,"minecraft:stone":58,"minecraft:dark_oak_door":3,"minecraft:hopper":10,"minecraft:chest":2,"minecraft:bricks":11,"minecraft:oak_fence":6,"farmersdelight:stove":2,"minecraft:dropper":1,"minecraft:oak_slab":12,"minecraft:crafting_table":9,"minecraft:iron_helmet":1,"minecraft:baked_potato":28,"storagenetwork:master":3,"minecraft:birch_planks":44,"farmersdelight:skillet":1,"farmersdelight:cutting_board":1,"minecraft:iron_chestplate":2,"minecraft:charcoal":29,"minecraft:diamond_pickaxe":2,"minecraft:shield":2,"minecraft:stick":262,"minecraft:iron_ingot":280,"xpbook:xp_tome":2,"minecraft:cobbled_deepslate_slab":54,"minecraft:oak_door":6,"biomesoplenty:mahogany_planks":96,"minecraft:furnace":5,"minecraft:oak_trapdoor":4,"minecraft:scaffolding":54,"quark:dark_oak_chest":28,"minecraft:iron_axe":4,"backpacked:backpack":2,"minecraft:cooked_beef":6,"minecraft:iron_sword":3,"minecraft:bucket":6,"minecraft:stone_axe":1,"grassoverhaul:dirt_sod_slab":444,"minecraft:air":0,"minecraft:anvil":1,"minecraft:torch":516,"minecraft:diamond_chestplate":2},"minecraft:killed":{"illagerinvasion:archivist":2,"twilightforest:boar":3,"minecraft:cave_spider":9,"illagerinvasion:basher":5,"minecraft:skeleton":112,"friendsandfoes:glare":2,"minecraft:chicken":8,"alexsmobs:straddler":3,"illagerinvasion:necromancer":2,"minecraft:salmon":7,"minecraft:pillager":17,"minecraft:goat":1,"minecraft:zombie":141,"minecraft:cow":6,"twilightforest:deer":4,"minecraft:evoker":1,"minecraft:vindicator":12,"illagerinvasion:marauder":3,"quark:toretoise":1,"twilightforest:death_tome":27,"twilightforest:kobold":3,"twilightforest:wraith":2,"twilightforest:bighorn_sheep":6,"minecraft:enderman":6,"minecraft:zombified_piglin":2,"minecraft:witch":4,"minecraft:spider":15,"quark:forgotten":1,"illagerinvasion:provoker":7,"dragonmounts:dragon":1,"minecraft:piglin":2,"minecraft:pig":6,"minecraft:zombie_villager":3,"twilightforest:raven":1,"illagerinvasion:alchemist":3,"minecraft:creeper":50,"twilightforest:skeleton_druid":1,"minecraft:sheep":15,"minecraft:slime":4,"twilightforest:swarm_spider":8,"minecraft:drowned":3,"minecraft:bat":1,"minecraft:wither_skeleton":1},"minecraft:used":{"minecraft:peony":2,"farmersdelight:onion_crate":1,"minecraft:chest":4,"minecraft:stone":1,"minecraft:allium":1,"minecraft:lava_bucket":1,"storagenetwork:collector":1,"twilightforest:twilight_oak_planks":39,"minecraft:bow":2,"minecraft:dark_oak_boat":1,"minecraft:furnace":7,"storagenetwork:storage_kabel":12,"minecraft:diorite":37,"biomesoplenty:rainbow_birch_sapling":1,"minecraft:dark_oak_trapdoor":237,"minecraft:sand":14,"minecraft:lilac":1,"minecraft:diamond_sword":949,"minecraft:white_stained_glass":57,"twilightforest:twilight_oak_log":1,"minecraft:enchanting_table":2,"storagenetwork:request":1,"minecraft:netherrack":129,"minecraft:torch":610,"minecraft:anvil":1,"storagenetwork:inventory_remote":1,"storagenetwork:exchange":3,"farmersdelight:oak_cabinet":2,"minecraft:iron_axe":874,"storagenetwork:master":1,"blue_skies:dusk_trapdoor":1,"minecraft:glowstone":11,"minecraft:goat_horn":3,"farmersdelight:cooking_pot":1,"comforts:sleeping_bag_white":7,"minecraft:cobbled_deepslate":1555,"minecraft:water_bucket":15,"alexsmobs:cooked_catfish":1,"storagenetwork:inventory":3,"minecraft:birch_planks":16,"minecraft:oak_slab":1,"minecraft:crafting_table":14,"minecraft:white_bed":5,"minecraft:dark_oak_fence_gate":10,"minecraft:diamond_pickaxe":3173,"minecraft:cornflower":1,"minecraft:diamond_shovel":444,"minecraft:iron_pickaxe":154,"chipped:clear_leaded_glass":328,"quark:dark_oak_chest":14,"minecraft:cobblestone":298,"minecraft:potion":3,"twilightforest:raw_venison":9,"minecraft:cooked_porkchop":11,"quark:oak_chest":13,"minecraft:jukebox":1,"minecraft:diamond_leggings":1,"minecraft:iron_shovel":255,"delightful:cooked_goat":1,"minecraft:decorated_pot":1,"farmersdelight:stove":2,"minecraft:shield":26,"minecraft:iron_sword":457,"minecraft:carrot":15,"minecraft:tuff":27,"minecraft:music_disc_13":1,"minecraft:axolotl_bucket":5,"minecraft:obsidian":10,"farmersdelight:cutting_board":1,"minecraft:scaffolding":76,"quark:dark_oak_ladder":22,"minecraft:diamond_boots":1,"minecraft:stone_pickaxe":45,"minecraft:oak_planks":5,"tradingpost:trading_post":1,"minecraft:diamond_axe":562,"minecraft:mushroom_stew":4,"conjurer_illager:throwable_ball":1,"grassoverhaul:dirt_sod_slab":1492,"minecraft:melon_slice":137,"minecraft:bread":25,"minecraft:deepslate":58,"storagenetwork:import_kabel":1,"minecraft:coarse_dirt":6,"minecraft:experience_bottle":5,"twilightforest:canopy_planks":2,"minecraft:oak_fence":5,"biomesoplenty:mahogany_planks":4,"minecraft:rose_bush":6,"minecraft:white_tulip":1,"minecraft:flint_and_steel":2,"minecraft:stone_shovel":134,"minecraft:redstone":1,"storagenetwork:kabel":7,"minecraft:cooked_chicken":7,"minecraft:oak_door":2,"minecraft:dirt":297,"minecraft:white_carpet":28,"minecraft:hopper":12,"twigs:rhyolite":45,"farmersdelight:rope":1,"delightful:roasted_acorn":15,"dragonmounts:dragon_egg":3,"minecraft:bookshelf":21,"chipped:glassblower":1,"minecraft:cooked_beef":6,"chipped:large_diamond_leaded_glass":2,"minecraft:cooked_mutton":16,"minecraft:cobblestone_stairs":12,"farmersdelight:skillet":3,"minecraft:baked_potato":28,"minecraft:cobblestone_slab":187,"farmersdelight:onion":8,"delightful:mini_melon":1,"minecraft:dark_oak_door":2,"minecraft:flower_pot":1,"minecraft:apple":43,"minecraft:stone_slab":91,"minecraft:stone_axe":129,"twigs:bronzed_seashell":2,"minecraft:cobbled_deepslate_slab":54,"minecraft:bucket":19},"minecraft:picked_up":{"minecraft:flower_pot":3,"minecraft:anvil":1,"minecraft:diamond_sword":1,"minecraft:lead":12,"minecraft:smithing_table":1,"minecraft:stone_slab":1,"minecraft:wither_rose":1,"biomesoplenty:violet":1,"minecraft:enchanted_book":1,"spawnersplus:spawner_fragment":26,"biomesoplenty:rainbow_birch_sapling":2,"storagenetwork:exchange":3,"minecraft:string":121,"minecraft:dark_oak_trapdoor":4,"minecraft:cooked_salmon":1,"minecraft:gold_nugget":12,"minecraft:cobbled_deepslate":1476,"minecraft:melon_slice":72,"minecraft:mangrove_log":7,"minecraft:dark_oak_door":2,"minecraft:jukebox":1,"minecraft:big_dripleaf":4,"twilightforest:cracked_etched_nagastone":3,"storagenetwork:collector":1,"minecraft:tropical_fish":1,"farmersdelight:onion":3,"aether:chainmail_gloves":1,"farmersdelight:rope":1,"supplementaries:quiver":1,"supplementaries:ash":84,"minecraft:iron_bars":1,"alexsmobs:flying_fish":3,"minecraft:birch_log":5,"minecraft:feather":24,"minecraft:birch_slab":8,"minecraft:brown_wool":3,"minecraft:dark_oak_boat":2,"minecraft:flint":1,"farmersdelight:tomato":1,"twilightforest:canopy_sapling":16,"delightful:mini_melon":1,"minecraft:glowstone_dust":56,"minecraft:moss_block":40,"biomesoplenty:mahogany_planks":2,"twilightforest:canopy_log":30,"minecraft:dark_oak_log":1144,"twilightforest:charm_of_keeping_1":2,"dragonmounts:dragon_egg":3,"minecraft:writable_book":1,"minecraft:granite":6,"minecraft:chainmail_helmet":2,"twigs:rhyolite":63,"minecraft:light_gray_carpet":1,"minecraft:diamond_pickaxe":2,"minecraft:mud":8,"minecraft:coarse_dirt":5,"minecraft:crafting_table":7,"minecraft:clay_ball":282,"friendsandfoes:totem_of_illusion":2,"minecraft:yellow_candle":4,"minecraft:cornflower":1,"twilightforest:filled_magic_map":1,"minecraft:white_carpet":4,"minecraft:cracked_stone_bricks":6,"farmersdelight:beef_patty":1,"minecraft:beef":21,"minecraft:iron_nugget":54,"minecraft:poppy":1,"minecraft:chest":5,"minecraft:egg":1,"minecraft:stone":8,"alexsmobs:straddlite":1,"minecraft:carrot":13,"minecraft:redstone":628,"twilightforest:firefly":1,"storagenetwork:inventory":2,"minecraft:cooked_cod":1,"minecraft:decorated_pot":1,"minecraft:peony":2,"minecraft:totem_of_undying":1,"minecraft:glow_berries":4,"minecraft:mutton":46,"minecraft:rail":15,"minecraft:white_wool":15,"minecraft:red_mushroom":26,"minecraft:oak_log":99,"farmersdelight:salmon_slice":6,"minecraft:golden_boots":1,"farmersdelight:skillet":2,"storagenetwork:import_kabel":1,"minecraft:paper":217,"minecraft:white_banner":1,"twilightforest:raw_venison":15,"minecraft:apple":17,"minecraft:stone_bricks":14,"minecraft:glass_bottle":13,"minecraft:iron_sword":1,"minecraft:flowering_azalea":4,"minecraft:dark_oak_stairs":1,"twilightforest:nagastone_pillar":4,"quark:white_shard":4,"minecraft:red_wool":2,"chipped:clear_leaded_glass":28,"minecraft:gravel":26,"twigs:bronzed_seashell":1,"minecraft:birch_stairs":1,"twilightforest:cracked_nagastone_pillar":7,"biomesoplenty:mahogany_log":24,"minecraft:slime_ball":6,"chipped:large_diamond_leaded_glass":2,"minecraft:deepslate_redstone_ore":4,"minecraft:painting":8,"minecraft:gray_wool":1,"twilightforest:spiral_bricks":12,"farmersdelight:cooked_salmon_slice":6,"minecraft:hopper":1,"minecraft:ender_pearl":12,"minecraft:wheat":11,"illagerinvasion:platinum_chunk":8,"aether:iron_gloves":1,"minecraft:potion":2,"minecraft:stone_brick_stairs":9,"minecraft:raw_copper":109,"minecraft:smooth_stone_slab":4,"minecraft:armor_stand":2,"tradingpost:trading_post":1,"minecraft:sticky_piston":4,"minecraft:zombie_head":2,"twigs:pebble":12,"comforts:sleeping_bag_white":7,"delightful:acorn":27,"minecraft:white_tulip":1,"minecraft:rose_bush":7,"minecraft:cobblestone_slab":5,"minecraft:azalea":5,"minecraft:iron_pickaxe":1,"delightful:green_tea_leaf":14,"minecraft:iron_boots":2,"minecraft:furnace":3,"minecraft:stick":23,"minecraft:oak_fence":2,"minecraft:torch":99,"conjurer_illager:throwable_ball":1,"twigs:bamboo_leaves":31,"minecraft:porkchop":29,"minecraft:diorite":43,"minecraft:cactus":24,"minecraft:rotten_flesh":171,"biomesoplenty:mahogany_sapling":3,"supplementaries:antique_ink":6,"minecraft:mangrove_roots":23,"minecraft:obsidian":14,"minecraft:cobblestone":440,"minecraft:enchanting_table":1,"farmersdelight:onion_crate":1,"minecraft:lilac":1,"twilightforest:twilight_oak_log":72,"minecraft:andesite":16,"twilightforest:twilight_oak_wood":1,"minecraft:potato":4,"minecraft:tuff":327,"supplementaries:flax_seeds":12,"twilightforest:mossy_nagastone_pillar":3,"minecraft:lapis_lazuli":680,"minecraft:dirt":740,"minecraft:name_tag":1,"minecraft:bone":222,"farmersdelight:iron_knife":1,"minecraft:bow":14,"minecraft:wheat_seeds":52,"minecraft:raw_gold":24,"minecraft:mossy_stone_bricks":5,"minecraft:bamboo":129,"twigs:twig":98,"minecraft:oak_planks":6,"minecraft:mossy_stone_brick_stairs":1,"minecraft:cooked_porkchop":1,"minecraft:music_disc_13":1,"minecraft:jungle_planks":6,"minecraft:sand":51,"twigs:azalea_flowers":2,"minecraft:mossy_cobblestone":2,"minecraft:yellow_carpet":3,"minecraft:clay":5,"twilightforest:twilight_oak_sapling":1,"minecraft:diamond":82,"minecraft:crossbow":2,"minecraft:bone_meal":3,"minecraft:emerald":72,"biomesoplenty:pink_daffodil":1,"minecraft:oak_sapling":39,"minecraft:netherrack":115,"twilightforest:torchberries":1,"quark:crimson_chest":2,"minecraft:charcoal":2,"twigs:petrified_lichen":1,"minecraft:allium":11,"minecraft:chicken":17,"minecraft:ladder":5,"minecraft:brown_mushroom":15,"minecraft:moss_carpet":18,"minecraft:iron_axe":3,"minecraft:blue_orchid":1,"minecraft:detector_rail":1,"twilightforest:nagastone_head":1,"minecraft:light_gray_wool":2,"minecraft:dark_oak_sapling":108,"minecraft:raw_iron":309,"delightful:raw_goat":1,"minecraft:copper_ingot":19,"minecraft:arrow":169,"delightful:roasted_acorn":28,"minecraft:glistering_melon_slice":1,"minecraft:saddle":1,"minecraft:skeleton_skull":1,"minecraft:basalt":7,"minecraft:glow_ink_sac":1,"minecraft:salmon":4,"minecraft:leather":28,"minecraft:birch_planks":7,"minecraft:chainmail_chestplate":2,"minecraft:gunpowder":22,"minecraft:cobblestone_wall":2,"minecraft:cobblestone_stairs":28,"quark:forgotten_hat":1,"twilightforest:twilight_oak_planks":2,"minecraft:red_carpet":12,"minecraft:gray_carpet":2,"grassoverhaul:dirt_sod_slab":8,"minecraft:iron_ingot":23,"minecraft:book":118,"minecraft:scaffolding":19,"minecraft:oak_slab":7,"minecraft:pumpkin":1,"minecraft:chiseled_stone_bricks":7,"minecraft:stone_brick_slab":1,"minecraft:quartz":15,"minecraft:white_bed":5,"quark:oak_chest":5,"minecraft:dark_oak_fence_gate":1,"minecraft:mossy_stone_brick_slab":1,"minecraft:spider_eye":34,"minecraft:iron_helmet":1,"minecraft:mossy_cobblestone_stairs":1,"storagenetwork:kabel":1,"minecraft:coal":305},"minecraft:mined":{"minecraft:white_bed":5,"minecraft:obsidian":14,"minecraft:granite":3,"minecraft:yellow_carpet":3,"minecraft:chiseled_stone_bricks":6,"minecraft:spawner":11,"minecraft:dark_oak_trapdoor":5,"minecraft:fire":5,"minecraft:sticky_piston":1,"minecraft:cobbled_deepslate":41,"minecraft:pumpkin":1,"minecraft:deepslate_lapis_ore":33,"minecraft:enchanting_table":1,"minecraft:cave_vines":2,"minecraft:small_amethyst_bud":2,"biomesoplenty:webbing":7,"minecraft:piston_head":3,"biomesoplenty:glowworm_silk":2,"minecraft:torch":12,"minecraft:melon":11,"minecraft:dead_bush":1,"minecraft:sugar_cane":1,"minecraft:mud":1,"biomesoplenty:glowworm_silk_strand":1,"minecraft:wheat":7,"minecraft:lilac":1,"minecraft:jukebox":1,"minecraft:potted_poppy":1,"minecraft:stone_brick_stairs":2,"twilightforest:twilight_oak_planks":2,"minecraft:grass":149,"delightful:mini_melon":1,"minecraft:mangrove_log":13,"twigs:rhyolite":76,"minecraft:red_mushroom_block":30,"minecraft:deepslate":1477,"minecraft:mossy_cobblestone":1,"farmersdelight:wild_carrots":10,"minecraft:dark_oak_log":1194,"minecraft:allium":4,"minecraft:jungle_planks":5,"minecraft:redstone_wire":2,"minecraft:red_mushroom":1,"minecraft:moss_block":9,"storagenetwork:collector":1,"farmersdelight:wild_onions":3,"minecraft:redstone_ore":15,"minecraft:andesite":15,"twilightforest:twilight_oak_leaves":2,"twigs:bronzed_seashell":1,"minecraft:cobblestone_slab":6,"minecraft:vine":4,"minecraft:bamboo":12,"fastpaintings:painting":5,"minecraft:white_wool":2,"minecraft:light_gray_carpet":1,"minecraft:birch_stairs":1,"minecraft:oak_slab":7,"minecraft:glass_pane":4,"quark:oak_chest":5,"minecraft:cornflower":1,"biomesoplenty:mahogany_planks":2,"minecraft:campfire":1,"biomesoplenty:high_grass_plant":1,"minecraft:tall_grass":26,"minecraft:copper_ore":3,"minecraft:deepslate_gold_ore":2,"minecraft:diorite":64,"farmersdelight:skillet":2,"minecraft:coarse_dirt":5,"minecraft:cobblestone_wall":3,"minecraft:white_carpet":1,"minecraft:gravel":19,"biomesoplenty:stringy_cobweb":3,"minecraft:cobweb":58,"quark:crimson_chest":2,"minecraft:stone_bricks":9,"minecraft:gold_ore":6,"minecraft:fern":36,"minecraft:large_amethyst_bud":2,"chipped:large_diamond_leaded_glass":2,"storagenetwork:exchange":3,"minecraft:cobblestone_stairs":25,"minecraft:potted_blue_orchid":1,"minecraft:cave_vines_plant":2,"minecraft:grass_block":497,"chipped:clear_leaded_glass":29,"twigs:twig":2,"minecraft:glowstone":19,"minecraft:iron_ore":124,"minecraft:anvil":1,"minecraft:dark_oak_stairs":1,"biomesoplenty:hanging_cobweb":3,"minecraft:iron_bars":2,"minecraft:azalea_leaves":1,"minecraft:azalea":5,"minecraft:deepslate_redstone_ore":109,"minecraft:medium_amethyst_bud":1,"storagenetwork:inventory":2,"biomesoplenty:hanging_cobweb_strand":2,"minecraft:clay":64,"twilightforest:torchberry_plant":1,"delightful:pumpkin_pie":1,"diagonalfences:minecraft/oak_fence":2,"minecraft:chest":5,"twilightforest:twilight_oak_log":6,"tradingpost:trading_post":1,"supplementaries:wild_flax":2,"minecraft:mushroom_stem":19,"minecraft:nether_quartz_ore":15,"minecraft:cobblestone":37,"minecraft:oak_planks":6,"minecraft:wall_torch":11,"minecraft:deepslate_copper_ore":8,"storagenetwork:import_kabel":1,"minecraft:birch_log":5,"minecraft:smooth_stone_slab":2,"minecraft:oak_log":63,"minecraft:sand":54,"minecraft:dirt":235,"minecraft:netherrack":116,"minecraft:diamond_ore":5,"minecraft:red_carpet":12,"minecraft:tuff":387,"minecraft:potted_wither_rose":1,"minecraft:deepslate_diamond_ore":39,"minecraft:mangrove_roots":24,"minecraft:ladder":5,"minecraft:yellow_candle":1,"minecraft:decorated_pot":1,"minecraft:white_stained_glass":1,"minecraft:brown_mushroom_block":92,"grassoverhaul:dirt_sod_slab":8,"minecraft:birch_slab":8,"minecraft:large_fern":1,"minecraft:furnace":3,"minecraft:dark_oak_fence_gate":1,"minecraft:peony":2,"minecraft:bookshelf":30,"farmersdelight:rope":1,"minecraft:deepslate_iron_ore":50,"minecraft:stone":401,"biomesoplenty:spider_egg":2,"minecraft:white_tulip":1,"minecraft:scaffolding":21,"minecraft:crafting_table":6,"minecraft:rose_bush":7,"minecraft:stone_slab":1,"farmersdelight:onion_crate":2,"minecraft:deepslate_coal_ore":12,"minecraft:lapis_ore":10,"dragonmounts:dragon_egg":2,"supplementaries:urn":50,"minecraft:birch_planks":8,"minecraft:cactus":6,"minecraft:coal_ore":130,"minecraft:gray_carpet":2,"minecraft:cracked_stone_bricks":3,"storagenetwork:kabel":1,"minecraft:mossy_stone_bricks":4}},"DataVersion":3465}