{"stats":{"minecraft:custom":{"minecraft:jump":41,"minecraft:time_since_rest":718,"minecraft:damage_dealt":0,"minecraft:sprint_one_cm":6488,"minecraft:walk_on_water_one_cm":1315,"minecraft:deaths":4,"minecraft:play_time":15402,"minecraft:damage_taken":1076,"minecraft:time_since_death":3117,"minecraft:walk_one_cm":14779,"minecraft:total_world_time":15402,"minecraft:walk_under_water_one_cm":2543,"minecraft:damage_dealt_absorbed":9,"minecraft:fly_one_cm":5817,"minecraft:damage_dealt_resisted":6},"minecraft:killed_by":{"minecraft:zombie":4}},"DataVersion":3465}