{"stats":{"minecraft:picked_up":{"minecraft:oak_log":2,"minecraft:carrot":1,"minecraft:oak_sapling":2},"minecraft:custom":{"minecraft:open_barrel":4,"minecraft:open_chest":2,"minecraft:time_since_rest":496,"minecraft:crouch_one_cm":118,"minecraft:play_time":6666,"minecraft:sprint_one_cm":24420,"minecraft:damage_taken":20,"minecraft:walk_one_cm":14309,"minecraft:sneak_time":85,"minecraft:walk_under_water_one_cm":142,"minecraft:jump":191,"minecraft:leave_game":1,"minecraft:time_since_death":6666,"minecraft:walk_on_water_one_cm":474,"minecraft:sleep_in_bed":1,"minecraft:total_world_time":6666,"minecraft:climb_one_cm":548,"minecraft:swim_one_cm":1094,"minecraft:fall_one_cm":4702,"minecraft:fly_one_cm":33299},"minecraft:mined":{"minecraft:grass":1,"biomesoplenty:bush":1,"minecraft:oak_log":2,"farmersdelight:wild_carrots":1,"minecraft:oak_leaves":6}},"DataVersion":3465}